point_id,x_a,y_a,x_b,y_b,lon_a,lat_a,lon_b,lat_b,score,inlier
0,206.75,214.25,187.31141662597656,182.6197509765625,42.74045944213867,-73.49192810058594,42.736656188964844,-73.4857406616211,0.999315083026886,True
1,412.75,159.25,370.25,137.25,42.7807731628418,-73.48116302490234,42.772457122802734,-73.47686004638672,0.7410387396812439,False
2,407.25,312.25,339.75,258.25,42.77969741821289,-73.5111083984375,42.76648712158203,-73.50054168701172,0.5881944298744202,True
3,77.25,250.75,71.25,212.75,42.715118408203125,-73.49906921386719,42.71394348144531,-73.49163055419922,0.9963808655738831,True
4,187.75,115.75,180.75,99.25,42.73674011230469,-73.47264862060547,42.73537063598633,-73.46942138671875,0.8848804235458374,True
5,249.75,413.25,201.25,332.25,42.74887466430664,-73.53087615966797,42.739383697509766,-73.51502227783203,0.6665384769439697,True
6,185.25,101.25,180.25,86.75,42.73625183105469,-73.46981048583984,42.73527526855469,-73.46697235107422,0.7462254166603088,True
7,111.75,175.75,107.75,151.25,42.72187042236328,-73.48439025878906,42.72108840942383,-73.47959899902344,0.9943995475769043,True
8,203.75,203.75,186.1636505126953,175.05657958984375,42.739871978759766,-73.48987579345703,42.73643112182617,-73.4842529296875,0.8583762645721436,True
9,56.25,187.25,56.25,159.75,42.71100997924805,-73.48664093017578,42.71100997924805,-73.48126220703125,0.9966413974761963,True
10,217.25,210.25,197.17784118652344,179.94200134277344,42.742515563964844,-73.49114227294922,42.73858642578125,-73.48521423339844,0.994618833065033,True
11,94.75,239.75,87.1478042602539,203.96597290039062,42.718544006347656,-73.49691772460938,42.71705627441406,-73.48991394042969,0.8953446745872498,True
12,473.75,400.75,378.25,319.75,42.79270935058594,-73.52842712402344,42.77402114868164,-73.5125732421875,0.24186846613883972,True
13,343.25,135.25,315.25,117.75,42.767173767089844,-73.4764633178711,42.76169204711914,-73.47303771972656,0.9926084876060486,True
14,331.75,160.75,302.2672424316406,140.34072875976562,42.764923095703125,-73.48146057128906,42.759151458740234,-73.47746276855469,0.36493027210235596,True
15,315.25,409.75,253.83177185058594,328.3475341796875,42.76169204711914,-73.53018951416016,42.749671936035156,-73.5142593383789,0.7251039147377014,True
16,249.75,122.75,235.25,105.75,42.74887466430664,-73.4740219116211,42.746036529541016,-73.47069549560547,0.8015742301940918,True
17,88.75,249.75,81.25,211.25,42.717369079589844,-73.4988784790039,42.71590042114258,-73.49134063720703,0.9977110624313354,True
18,81.25,237.75,75.22322082519531,202.1294403076172,42.71590042114258,-73.49652862548828,42.7147216796875,-73.48955535888672,0.9018028974533081,True
19,93.25,348.25,78.75,287.75,42.7182502746582,-73.51815032958984,42.71541213989258,-73.50630950927734,0.6708366274833679,True
20,97.75,124.25,97.25,104.75,42.71913146972656,-73.47431182861328,42.719032287597656,-73.47049713134766,0.5701851844787598,True
21,355.25,65.75,340.25,55.25,42.7695198059082,-73.4628677368164,42.76658630371094,-73.46080780029297,0.4308280944824219,False
22,231.75,39.25,230.25,29.75,42.74535369873047,-73.45767974853516,42.745059967041016,-73.45581817626953,0.9151971936225891,True
23,347.75,8.75,341.75,3.75,42.76805114746094,-73.45170593261719,42.76688003540039,-73.45072937011719,0.8828038573265076,True
24,227.25,142.75,212.75,123.25,42.74447250366211,-73.47793579101562,42.741634368896484,-73.47412109375,0.8627933859825134,True
25,237.25,26.25,238.25,17.75,42.746429443359375,-73.45513153076172,42.74662399291992,-73.4534683227539,0.4043329060077667,True
26,282.25,113.75,265.2135925292969,98.94610595703125,42.75523376464844,-73.47225952148438,42.75189971923828,-73.4693603515625,0.9982098937034607,True
27,189.25,201.25,174.25,171.25,42.73703384399414,-73.4893798828125,42.734100341796875,-73.48351287841797,0.4360305368900299,True
28,38.25,200.25,38.75,170.75,42.70748519897461,-73.48918914794922,42.707584381103516,-73.48341369628906,0.8277954459190369,True
29,193.25,248.75,171.25,210.25,42.73781967163086,-73.4986801147461,42.73351287841797,-73.49114227294922,0.28704190254211426,True
30,413.75,325.25,342.75,267.25,42.780967712402344,-73.5136489868164,42.76707458496094,-73.5022964477539,0.626376211643219,True
31,403.75,391.75,325.25,315.25,42.77901077270508,-73.52666473388672,42.763648986816406,-73.5116958618164,0.7950916290283203,True
32,24.75,46.25,33.25,32.75,42.7048454284668,-73.45904541015625,42.70650863647461,-73.45640563964844,0.4862234592437744,True
33,78.75,283.25,69.25,239.25,42.71541213989258,-73.50543212890625,42.71355056762695,-73.49681854248047,0.640996515750885,False
34,477.75,138.25,428.25,122.25,42.79349136352539,-73.47705078125,42.78380584716797,-73.47392272949219,0.46731987595558167,True
35,228.75,190.75,209.25,163.25,42.74476623535156,-73.4873275756836,42.74094772338867,-73.48194885253906,0.5925205945968628,True
36,195.25,230.25,175.75,196.25,42.73820877075195,-73.49505615234375,42.73439407348633,-73.4884033203125,0.9985655546188354,True
37,31.75,468.75,22.25,373.25,42.706214904785156,-73.54173278808594,42.70435333251953,-73.52304077148438,0.5990623235702515,True
38,351.25,155.25,319.84173583984375,135.0828399658203,42.76873779296875,-73.48037719726562,42.76259231567383,-73.47643280029297,0.586510956287384,True
39,104.25,218.75,96.25,186.25,42.720401763916016,-73.49280548095703,42.71883773803711,-73.4864501953125,0.6863920092582703,True
40,297.25,254.75,257.75,214.25,42.75817108154297,-73.4998550415039,42.75043869018555,-73.49192810058594,0.4254468083381653,False
41,251.75,137.25,236.08506774902344,118.61959838867188,42.749267578125,-73.47686004638672,42.74620056152344,-73.47321319580078,0.731654703617096,True
42,30.25,150.75,32.75,128.75,42.7059211730957,-73.47949981689453,42.7064094543457,-73.4751968383789,0.35396429896354675,True
43,421.25,209.25,367.75,179.25,42.78243637084961,-73.49095153808594,42.77196502685547,-73.48507690429688,0.9482267498970032,True
44,363.25,65.75,346.25,57.25,42.771087646484375,-73.4628677368164,42.767757415771484,-73.4612045288086,0.9982638955116272,True
45,98.75,121.75,98.75,102.25,42.71932601928711,-73.47382354736328,42.71932601928711,-73.47000885009766,0.49877113103866577,True
46,214.75,57.75,212.65855407714844,46.808753967285156,42.742027282714844,-73.46129608154297,42.741615295410156,-73.45915985107422,0.678656280040741,True
47,395.25,301.75,331.25,251.25,42.777347564697266,-73.50904846191406,42.76482391357422,-73.4991683959961,0.3340173661708832,True
48,255.25,428.75,204.75,342.25,42.74995040893555,-73.53390502929688,42.74007034301758,-73.51697540283203,0.44726935029029846,True
49,246.25,62.25,239.9435272216797,51.09535217285156,42.74818801879883,-73.4621810913086,42.74695587158203,-73.45999908447266,0.6916934847831726,True
50,41.25,378.75,33.25,309.25,42.708072662353516,-73.52412414550781,42.70650863647461,-73.5105209350586,0.6735501885414124,True
51,213.75,317.25,181.75,264.25,42.74182891845703,-73.5120849609375,42.73556900024414,-73.501708984375,0.3093869388103485,True
52,367.25,297.25,309.75,248.25,42.77186965942383,-73.50817108154297,42.760616302490234,-73.49858093261719,0.6166853904724121,True
53,285.25,295.75,243.75,246.25,42.755821228027344,-73.50787353515625,42.74769973754883,-73.4981918334961,0.2830881178379059,True
54,456.25,22.75,435.25,21.75,42.789283752441406,-73.45445251464844,42.78517532348633,-73.45425415039062,0.34335771203041077,False
55,274.75,143.25,254.79481506347656,123.3281478881836,42.75376892089844,-73.47803497314453,42.74986267089844,-73.47413635253906,0.48204925656318665,True
56,45.75,477.25,35.25,377.75,42.708953857421875,-73.54339599609375,42.7068977355957,-73.52392578125,0.6521422863006592,True
57,416.25,326.75,343.75,270.25,42.781455993652344,-73.51394653320312,42.767269134521484,-73.50288391113281,0.5793745517730713,False
58,299.25,215.25,266.1764221191406,183.84962463378906,42.75856018066406,-73.49212646484375,42.75209045410156,-73.48597717285156,0.9889048933982849,True
59,267.75,73.25,260.8680725097656,60.841896057128906,42.75239562988281,-73.4643325805664,42.75104904174805,-73.46190643310547,0.35565200448036194,False
60,357.25,27.25,346.8050842285156,21.911991119384766,42.76991271972656,-73.45532989501953,42.76786804199219,-73.45428466796875,0.9959167242050171,True
61,314.75,181.75,283.25,157.75,42.761592864990234,-73.48556518554688,42.75543212890625,-73.48087310791016,0.43497103452682495,True
62,188.75,203.75,171.75,174.25,42.7369384765625,-73.48987579345703,42.733612060546875,-73.48410034179688,0.36604323983192444,True
63,468.25,251.25,399.25,211.75,42.79163360595703,-73.4991683959961,42.77812957763672,-73.49143981933594,0.6068418025970459,True
64,150.25,230.75,137.25,196.75,42.72940444946289,-73.49515533447266,42.72686004638672,-73.4885025024414,0.43470466136932373,True
65,424.25,83.25,396.25,73.75,42.783023834228516,-73.46629333496094,42.77754211425781,-73.46443176269531,0.9966183304786682,True
66,30.25,466.25,21.25,370.75,42.7059211730957,-73.54124450683594,42.704158782958984,-73.52255249023438,0.5196265578269958,True
67,114.75,351.25,97.25,289.75,42.72245788574219,-73.51873779296875,42.719032287597656,-73.50670623779297,0.9987391233444214,True
68,191.25,251.75,169.6518096923828,212.92877197265625,42.7374267578125,-73.499267578125,42.73320007324219,-73.49166870117188,0.8052881360054016,True
69,387.25,52.75,369.75,45.25,42.77578353881836,-73.46031951904297,42.77235794067383,-73.45885467529297,0.9969385862350464,True
70,395.25,93.75,368.25,82.25,42.777347564697266,-73.46834564208984,42.772064208984375,-73.46609497070312,0.9818558096885681,True
71,103.25,43.75,109.25,30.75,42.72020721435547,-73.45855712890625,42.721378326416016,-73.45601654052734,0.41223040223121643,True
72,428.75,167.25,382.75,145.75,42.783905029296875,-73.48272705078125,42.77490234375,-73.47852325439453,0.9895990490913391,True
73,384.25,352.75,315.74981689453125,288.2093811035156,42.77519607543945,-73.51903533935547,42.76179122924805,-73.50640106201172,0.241452157497406,True
74,205.75,138.25,193.25,119.75,42.740264892578125,-73.47705078125,42.73781967163086,-73.47343444824219,0.5848466753959656,True
75,229.25,39.25,228.0155792236328,29.778688430786133,42.7448616027832,-73.45767974853516,42.74462127685547,-73.45582580566406,0.3480346202850342,True
76,282.25,448.75,224.75,353.75,42.75523376464844,-73.5378189086914,42.74398422241211,-73.51922607421875,0.5661993026733398,False
77,139.75,232.25,127.75,198.25,42.72734832763672,-73.49545288085938,42.724998474121094,-73.4887924194336,0.9142383337020874,True
78,332.75,448.75,263.25,354.25,42.76511764526367,-73.5378189086914,42.75151824951172,-73.51932525634766,0.841681957244873,True
79,476.25,400.25,380.75,319.25,42.79319763183594,-73.52832794189453,42.77450942993164,-73.5124740600586,0.3119893968105316,False
80,426.75,176.75,379.25,154.25,42.783512115478516,-73.48458862304688,42.77421569824219,-73.48018646240234,0.9477599859237671,True
81,380.75,122.25,350.75,107.75,42.77450942993164,-73.47392272949219,42.768638610839844,-73.47108459472656,0.9995012879371643,True
82,96.25,342.75,81.3233871459961,282.88482666015625,42.71883773803711,-73.51707458496094,42.71591567993164,-73.50535583496094,0.3706836700439453,True
83,79.75,25.25,88.75,13.25,42.715606689453125,-73.45494079589844,42.717369079589844,-73.45259094238281,0.7825880646705627,True
84,203.25,64.75,201.25,53.25,42.739776611328125,-73.4626693725586,42.739383697509766,-73.46041870117188,0.4959479570388794,True
85,477.75,97.25,437.75,86.75,42.79349136352539,-73.46903228759766,42.78566360473633,-73.46697235107422,0.3176724314689636,True
86,412.25,294.75,346.8634948730469,245.40823364257812,42.78067398071289,-73.50768280029297,42.767879486083984,-73.4980239868164,0.8269755840301514,True
87,221.75,39.25,221.75,30.75,42.7433967590332,-73.45767974853516,42.7433967590332,-73.45601654052734,0.8427681922912598,True
88,477.25,140.75,425.25,124.75,42.79339599609375,-73.4775390625,42.78321838378906,-73.47441101074219,0.7991620898246765,False
89,210.75,107.25,203.75,91.25,42.741241455078125,-73.47098541259766,42.739871978759766,-73.46785736083984,0.61908358335495,True
90,428.75,30.25,408.75,26.25,42.783905029296875,-73.45591735839844,42.779991149902344,-73.45513153076172,0.4289969801902771,True
91,109.25,468.25,86.25,370.75,42.721378326416016,-73.54163360595703,42.716880798339844,-73.52255249023438,0.4954262375831604,True
92,161.75,126.25,154.75,108.75,42.73165512084961,-73.4747085571289,42.73028564453125,-73.47128295898438,0.4919217824935913,False
93,10.75,351.25,10.25,290.75,42.70210266113281,-73.51873779296875,42.70200729370117,-73.50689697265625,0.6904401779174805,True
94,456.75,25.25,435.25,24.25,42.78938293457031,-73.45494079589844,42.78517532348633,-73.45474243164062,0.3498430848121643,False
95,212.75,86.25,207.75,72.75,42.741634368896484,-73.46687316894531,42.74065399169922,-73.4642333984375,0.6692007184028625,True
96,75.75,345.75,63.75,286.25,42.71482467651367,-73.51766204833984,42.71247482299805,-73.50601959228516,0.5616702437400818,True
97,345.25,85.25,326.25,74.75,42.76756286621094,-73.46668243408203,42.76384353637695,-73.4646224975586,0.9992345571517944,True
98,19.25,65.25,26.25,49.75,42.70376968383789,-73.4627685546875,42.70513916015625,-73.45973205566406,0.33670297265052795,True
99,478.25,432.25,375.25,342.25,42.7935905456543,-73.53459167480469,42.773433685302734,-73.51697540283203,0.9687371850013733,True
100,199.25,135.75,187.25,119.25,42.738990783691406,-73.4765625,42.73664474487305,-73.47333526611328,0.28331372141838074,False
101,212.25,58.75,210.01382446289062,48.0189094543457,42.74153518676758,-73.46149444580078,42.7411003112793,-73.45939636230469,0.5890325307846069,True
102,226.75,39.25,224.25,30.25,42.7443733215332,-73.45767974853516,42.7438850402832,-73.45591735839844,0.2442052662372589,False
103,7.25,335.25,7.25,279.25,42.701419830322266,-73.51560974121094,42.701419830322266,-73.50464630126953,0.33295920491218567,True
104,253.25,48.75,249.25,39.25,42.74956130981445,-73.45954132080078,42.748775482177734,-73.45767974853516,0.3345949649810791,True
105,412.25,121.25,378.25,105.75,42.78067398071289,-73.47372436523438,42.77402114868164,-73.47069549560547,0.9775677919387817,False
106,310.25,189.25,279.75,163.75,42.76071548461914,-73.4870376586914,42.75474548339844,-73.48204040527344,0.6847394704818726,True
107,338.75,183.25,305.25,159.25,42.766292572021484,-73.4858627319336,42.759735107421875,-73.48116302490234,0.8471376299858093,True
108,118.25,115.25,116.25,98.75,42.723140716552734,-73.47254943847656,42.72275161743164,-73.46932220458984,0.25946614146232605,True
109,83.75,360.25,71.75,295.75,42.71638870239258,-73.52050018310547,42.71404266357422,-73.50787353515625,0.9776068329811096,True
110,398.75,244.75,343.75,206.25,42.77803421020508,-73.49789428710938,42.767269134521484,-73.49036407470703,0.4404732286930084,False
111,57.75,253.25,52.25,215.75,42.7113037109375,-73.49955749511719,42.71022415161133,-73.49221801757812,0.45495185256004333,False
112,72.25,450.75,56.75,358.75,42.71413803100586,-73.5382080078125,42.71110534667969,-73.52021026611328,0.46219050884246826,True
113,298.75,44.75,291.25,37.75,42.75846481323242,-73.45875549316406,42.756996154785156,-73.45738220214844,0.7012171745300293,True
114,183.25,227.25,165.25,193.75,42.735862731933594,-73.49446868896484,42.732337951660156,-73.4879150390625,0.43251296877861023,True
115,426.75,32.75,407.25,28.75,42.783512115478516,-73.45640563964844,42.77969741821289,-73.45561981201172,0.7428026795387268,True
116,61.25,183.75,60.75,156.75,42.71198654174805,-73.48595428466797,42.71188735961914,-73.48067474365234,0.9872017502784729,True
117,113.25,52.75,118.25,40.25,42.722164154052734,-73.46031951904297,42.723140716552734,-73.45787048339844,0.9046743512153625,True
118,157.25,205.25,145.1752166748047,175.29507446289062,42.73077392578125,-73.49016571044922,42.72840881347656,-73.48430633544922,0.4982985854148865,True
119,267.75,425.25,216.25,339.75,42.75239562988281,-73.53321838378906,42.74231719970703,-73.51648712158203,0.3959464728832245,True
120,316.25,417.75,256.75,333.75,42.76188659667969,-73.53175354003906,42.750244140625,-73.51531219482422,0.9192553758621216,False
121,61.75,119.75,63.25,100.25,42.71208572387695,-73.47343444824219,42.712379455566406,-73.46961975097656,0.6350638270378113,False
122,274.25,139.25,255.75,119.75,42.75366973876953,-73.47724914550781,42.75004959106445,-73.47343444824219,0.883320689201355,True
123,310.75,186.75,280.0768737792969,161.2742919921875,42.76081085205078,-73.48654174804688,42.75481033325195,-73.48155975341797,0.5610107779502869,True
124,23.75,43.75,32.117313385009766,29.69318962097168,42.704647064208984,-73.45855712890625,42.7062873840332,-73.455810546875,0.3483208119869232,True
125,457.25,20.25,436.25,18.75,42.78948211669922,-73.4539566040039,42.785369873046875,-73.45366668701172,0.650978684425354,True
126,8.25,351.75,7.75,291.25,42.70161437988281,-73.51883697509766,42.70151901245117,-73.50699615478516,0.29877206683158875,True
127,225.75,225.25,201.75,192.25,42.744178771972656,-73.49407958984375,42.73948287963867,-73.48762512207031,0.9013811349868774,True
128,95.75,279.75,85.81824493408203,236.16856384277344,42.7187385559082,-73.50474548339844,42.716793060302734,-73.4962158203125,0.9980419874191284,True
129,369.75,296.75,312.25,248.25,42.77235794067383,-73.50807189941406,42.761104583740234,-73.49858093261719,0.21324096620082855,True
130,163.25,107.75,159.75,92.75,42.73194885253906,-73.47108459472656,42.73126220703125,-73.46814727783203,0.4467621147632599,True
131,477.75,134.75,428.25,119.25,42.79349136352539,-73.47637176513672,42.78380584716797,-73.47333526611328,0.4659041464328766,False
132,62.75,220.75,59.25,188.75,42.7122802734375,-73.49320220947266,42.71159362792969,-73.4869384765625,0.5285197496414185,True
133,397.25,299.25,334.25,250.75,42.777740478515625,-73.50856018066406,42.765411376953125,-73.49906921386719,0.8560839891433716,False
134,261.75,307.75,222.75,255.75,42.751224517822266,-73.51022338867188,42.74359130859375,-73.50004577636719,0.966262936592102,True
135,149.25,240.25,134.6748809814453,203.95135498046875,42.72920608520508,-73.49701690673828,42.726356506347656,-73.48991394042969,0.9984956979751587,True
136,61.25,256.75,57.25,217.25,42.71198654174805,-73.500244140625,42.711204528808594,-73.49251556396484,0.28974974155426025,True
137,224.75,156.75,211.15626525878906,135.15164184570312,42.74398422241211,-73.48067474365234,42.7413215637207,-73.47644805908203,0.644997775554657,False
138,266.25,10.75,265.25,6.25,42.75210189819336,-73.45210266113281,42.75190734863281,-73.45121765136719,0.22741998732089996,False
139,273.25,155.75,251.25,135.75,42.753475189208984,-73.48047637939453,42.749168395996094,-73.4765625,0.755298912525177,True
140,85.25,489.25,65.25,387.25,42.71668243408203,-73.54574584960938,42.7127685546875,-73.52578735351562,0.4843114912509918,False
141,363.75,95.25,340.25,84.75,42.771183013916016,-73.46863555908203,42.76658630371094,-73.46658325195312,0.8727031350135803,True
142,441.75,59.75,415.25,55.25,42.78644943237305,-73.4616928100586,42.7812614440918,-73.46080780029297,0.7743889093399048,True
143,171.25,152.25,163.25,131.75,42.73351287841797,-73.47978973388672,42.73194885253906,-73.47578430175781,0.25228843092918396,True
144,47.25,167.25,51.25,143.25,42.70924758911133,-73.48272705078125,42.71002960205078,-73.47803497314453,0.39896833896636963,False
145,205.75,61.25,202.75,50.75,42.740264892578125,-73.46198272705078,42.73967742919922,-73.45993041992188,0.664646327495575,True
146,55.75,38.75,63.25,25.75,42.71091079711914,-73.45758056640625,42.712379455566406,-73.45503997802734,0.2816762328147888,True
147,391.75,415.25,312.25,330.25,42.77666473388672,-73.53126525878906,42.761104583740234,-73.5146255493164,0.8360990881919861,True
148,213.75,395.75,176.25,321.75,42.74182891845703,-73.52745056152344,42.734493255615234,-73.5129623413086,0.20186370611190796,False
149,321.75,205.25,287.75,176.75,42.76296615600586,-73.49016571044922,42.756309509277344,-73.48458862304688,0.21404418349266052,True
150,213.25,107.25,206.25,91.25,42.74173355102539,-73.47098541259766,42.74036407470703,-73.46785736083984,0.41189873218536377,False
151,214.25,100.25,205.25,85.25,42.74192810058594,-73.46961975097656,42.74016571044922,-73.46668243408203,0.5448058843612671,False
152,453.75,20.75,433.75,19.25,42.788795471191406,-73.45405578613281,42.784881591796875,-73.45376586914062,0.306348592042923,True
153,213.25,191.25,195.04698181152344,163.97950744628906,42.74173355102539,-73.4874267578125,42.7381706237793,-73.48208618164062,0.7431900501251221,True
154,453.75,277.25,382.25,231.25,42.788795471191406,-73.50425720214844,42.774803161621094,-73.49525451660156,0.5290349721908569,True
155,390.25,41.75,373.75,36.25,42.776371002197266,-73.45816802978516,42.77313995361328,-73.45709228515625,0.9993544816970825,True
156,265.75,277.25,229.58966064453125,231.96575927734375,42.75200653076172,-73.50425720214844,42.744930267333984,-73.49539184570312,0.8277628421783447,True
157,132.75,330.25,113.25,274.25,42.72597885131836,-73.5146255493164,42.722164154052734,-73.50366973876953,0.9928157925605774,True
158,355.25,159.75,321.25,139.25,42.7695198059082,-73.48126220703125,42.76286697387695,-73.47724914550781,0.44011497497558594,True
159,507.25,279.25,425.25,232.75,42.79926681518555,-73.50464630126953,42.78321838378906,-73.49554443359375,0.23490449786186218,True
160,143.25,430.25,115.25,344.25,42.72803497314453,-73.5342025756836,42.72255325317383,-73.51737213134766,0.5078954696655273,True
161,209.75,58.75,205.75,49.25,42.74104690551758,-73.46149444580078,42.740264892578125,-73.45963287353516,0.4909510314464569,False
162,122.75,119.25,121.23989868164062,100.84868621826172,42.724021911621094,-73.47333526611328,42.72372817993164,-73.46973419189453,0.25204429030418396,True
163,56.25,238.75,51.75,203.25,42.71100997924805,-73.49671936035156,42.71012878417969,-73.48977661132812,0.8348883986473083,False
164,220.75,410.75,179.75,329.75,42.74319839477539,-73.53038024902344,42.73517608642578,-73.51453399658203,0.30205318331718445,True
165,364.75,105.75,339.8283386230469,93.03950500488281,42.77137756347656,-73.47069549560547,42.766502380371094,-73.46820831298828,0.9969100952148438,True
166,298.75,48.25,291.1882629394531,40.01530456542969,42.75846481323242,-73.45944213867188,42.75698471069336,-73.45782470703125,0.9709274172782898,True
167,169.25,148.75,161.25,129.25,42.73311996459961,-73.47911071777344,42.7315559387207,-73.47528839111328,0.4315960705280304,True
168,235.25,52.25,231.75,42.75,42.746036529541016,-73.46022033691406,42.74535369873047,-73.45836639404297,0.9985249042510986,True
169,127.75,30.25,131.85772705078125,18.58417320251465,42.724998474121094,-73.45591735839844,42.72580337524414,-73.4536361694336,0.24114647507667542,True
170,331.75,204.75,295.75,177.25,42.764923095703125,-73.49006652832031,42.757877349853516,-73.48468780517578,0.4097821116447449,True
171,10.75,348.75,10.75,288.25,42.70210266113281,-73.51824951171875,42.70210266113281,-73.50640869140625,0.6963021159172058,False
172,92.25,97.25,93.25,81.25,42.71805191040039,-73.46903228759766,42.7182502746582,-73.46589660644531,0.9705124497413635,True
173,175.25,121.75,169.25,103.75,42.73429489135742,-73.47382354736328,42.73311996459961,-73.47029876708984,0.984266996383667,True
174,270.75,71.25,263.25,59.25,42.75298309326172,-73.46394348144531,42.75151824951172,-73.46159362792969,0.31468114256858826,False
175,30.75,463.25,20.75,367.25,42.706016540527344,-73.54065704345703,42.70405960083008,-73.5218734741211,0.2256624549627304,False
176,225.75,79.75,219.75,67.25,42.744178771972656,-73.46560668945312,42.743003845214844,-73.4631576538086,0.8071122169494629,True
177,353.75,156.25,322.25,135.25,42.76922607421875,-73.48057556152344,42.7630615234375,-73.4764633178711,0.5297244191169739,True
178,389.75,117.75,360.25,103.75,42.77627182006836,-73.47303771972656,42.77050018310547,-73.47029876708984,0.9968418478965759,True
179,335.75,203.25,299.25,175.25,42.76570510864258,-73.48977661132812,42.75856018066406,-73.48429107666016,0.6800817251205444,True
180,413.75,197.25,363.25,169.25,42.780967712402344,-73.48860168457031,42.771087646484375,-73.48312377929688,0.9189093112945557,False
181,345.75,43.25,333.9804992675781,36.45549774169922,42.767662048339844,-73.45845794677734,42.765357971191406,-73.4571304321289,0.8878366947174072,True
182,477.75,157.25,423.75,138.25,42.79349136352539,-73.48077392578125,42.78292465209961,-73.47705078125,0.4430461525917053,False
183,280.25,436.25,224.75,346.25,42.754844665527344,-73.5353775024414,42.74398422241211,-73.51776123046875,0.7258761525154114,True
184,128.25,32.75,134.02748107910156,21.354005813598633,42.72509765625,-73.45640563964844,42.72623062133789,-73.45417785644531,0.6713309288024902,True
185,337.75,180.75,303.25,155.25,42.76609420776367,-73.4853744506836,42.75934600830078,-73.48037719726562,0.7314811944961548,True
186,368.75,294.25,311.25,245.75,42.77216339111328,-73.50758361816406,42.76091003417969,-73.49809265136719,0.4213726222515106,True
187,42.25,446.75,32.25,356.25,42.70826721191406,-73.53742980957031,42.7063102722168,-73.51971435546875,0.2947717010974884,False
188,202.75,62.25,200.25,50.75,42.73967742919922,-73.4621810913086,42.73918914794922,-73.45993041992188,0.47821757197380066,True
189,426.75,195.25,375.75,169.75,42.783512115478516,-73.48820495605469,42.77353286743164,-73.48321533203125,0.9854556918144226,True
190,367.75,302.25,308.75,250.75,42.77196502685547,-73.50914764404297,42.76042175292969,-73.49906921386719,0.9178652167320251,False
191,271.75,162.25,249.75,139.25,42.75318145751953,-73.48175048828125,42.74887466430664,-73.47724914550781,0.5201870203018188,True
192,491.25,167.25,435.25,147.25,42.79613494873047,-73.48272705078125,42.78517532348633,-73.47881317138672,0.7550152540206909,True
193,459.75,435.25,363.75,344.25,42.78997039794922,-73.5351791381836,42.771183013916016,-73.51737213134766,0.38875824213027954,False
194,419.75,387.75,335.75,311.75,42.782142639160156,-73.52587890625,42.76570510864258,-73.5110092163086,0.9365402460098267,False
195,389.75,57.75,370.75,50.75,42.77627182006836,-73.46129608154297,42.772552490234375,-73.45993041992188,0.9975114464759827,True
196,410.25,116.75,376.75,103.25,42.7802848815918,-73.47284698486328,42.77372741699219,-73.47020721435547,0.9855700135231018,True
197,325.25,204.75,291.25,175.75,42.763648986816406,-73.49006652832031,42.756996154785156,-73.48439025878906,0.3830767571926117,True
198,390.75,129.25,358.75,113.25,42.776466369628906,-73.47528839111328,42.770206451416016,-73.47216033935547,0.9989840984344482,True
199,121.75,121.75,120.25,103.25,42.72382736206055,-73.47382354736328,42.723533630371094,-73.47020721435547,0.9125539064407349,True
200,259.25,431.25,207.25,342.75,42.750732421875,-73.53439331054688,42.74055862426758,-73.51707458496094,0.23752586543560028,True
201,361.25,211.75,318.25,181.75,42.770694732666016,-73.49143981933594,42.76227951049805,-73.48556518554688,0.9644625782966614,True
202,49.75,149.75,50.75,127.25,42.70973587036133,-73.47930145263672,42.709930419921875,-73.47489929199219,0.7170248627662659,True
203,125.25,29.25,130.75,16.25,42.724510192871094,-73.45571899414062,42.7255859375,-73.45317840576172,0.2113703042268753,False
204,208.25,138.75,195.91854858398438,119.9674301147461,42.740753173828125,-73.4771499633789,42.73834228515625,-73.47347259521484,0.5289435982704163,True
205,266.75,411.25,217.75,330.25,42.752201080322266,-73.53047943115234,42.742610931396484,-73.5146255493164,0.6261349320411682,False
206,267.25,13.25,267.75,6.25,42.75230026245117,-73.45259094238281,42.75239562988281,-73.45121765136719,0.36243051290512085,True
207,301.25,258.75,261.25,218.75,42.75895309448242,-73.5006332397461,42.75112533569336,-73.49280548095703,0.7574784159660339,True
208,87.75,389.25,73.75,317.25,42.7171745300293,-73.52617645263672,42.71443176269531,-73.5120849609375,0.5295231938362122,True
209,398.25,146.25,361.75,127.25,42.77793502807617,-73.47862243652344,42.77079391479492,-73.47489929199219,0.9972633123397827,True
210,83.75,483.25,63.86135482788086,381.6310729980469,42.71638870239258,-73.54457092285156,42.71249771118164,-73.5246810913086,0.21137207746505737,True
211,223.25,159.25,207.75,135.75,42.743690490722656,-73.48116302490234,42.74065399169922,-73.4765625,0.30118387937545776,False
212,176.25,243.25,159.25,207.25,42.734493255615234,-73.49760437011719,42.731163024902344,-73.49055480957031,0.3671567142009735,True
213,341.25,183.25,307.5894470214844,158.64158630371094,42.766780853271484,-73.4858627319336,42.76019287109375,-73.48104095458984,0.35161885619163513,True
214,78.75,280.75,71.25,236.75,42.71541213989258,-73.50494384765625,42.71394348144531,-73.49633026123047,0.6411502957344055,True
215,467.75,248.75,399.25,209.25,42.791534423828125,-73.4986801147461,42.77812957763672,-73.49095153808594,0.25281694531440735,False
216,58.75,255.75,54.90412902832031,217.0038299560547,42.71149826049805,-73.50004577636719,42.71074676513672,-73.49246978759766,0.586820125579834,True
217,298.75,42.25,291.25,35.25,42.75846481323242,-73.45826721191406,42.756996154785156,-73.45689392089844,0.5118420720100403,True
218,376.75,482.75,291.25,374.25,42.77372741699219,-73.54447174072266,42.756996154785156,-73.52323913574219,0.4316946268081665,False
219,337.25,85.25,317.75,75.25,42.76599884033203,-73.46668243408203,42.76218032836914,-73.4647216796875,0.8997074365615845,True
220,419.25,243.25,361.25,204.75,42.78204345703125,-73.49760437011719,42.770694732666016,-73.49006652832031,0.43923822045326233,False
221,11.25,339.75,11.25,282.25,42.70220184326172,-73.51648712158203,42.70220184326172,-73.50523376464844,0.2212732434272766,False
222,166.75,148.75,158.75,128.75,42.73263168334961,-73.47911071777344,42.7310676574707,-73.4751968383789,0.6767690181732178,True
223,174.75,239.25,157.75,204.75,42.73419952392578,-73.49681854248047,42.73086929321289,-73.49006652832031,0.4130614697933197,False
224,362.75,272.75,311.25,229.25,42.77098846435547,-73.50337219238281,42.76091003417969,-73.49486541748047,0.6804795265197754,True
225,187.25,146.75,178.25,127.25,42.73664474487305,-73.47871398925781,42.73488235473633,-73.47489929199219,0.27818354964256287,True
226,458.75,22.75,439.25,19.75,42.78977584838867,-73.45445251464844,42.78595733642578,-73.45386505126953,0.43955984711647034,True
227,31.25,148.25,32.75,126.25,42.70611572265625,-73.47901153564453,42.7064094543457,-73.4747085571289,0.4725812077522278,False
228,474.25,241.75,404.75,204.75,42.792808532714844,-73.49730682373047,42.779205322265625,-73.49006652832031,0.765411913394928,True
229,189.25,206.25,171.75,176.75,42.73703384399414,-73.49036407470703,42.733612060546875,-73.48458862304688,0.9793696403503418,True
230,144.25,462.75,115.76477813720703,366.9686279296875,42.72822952270508,-73.54055786132812,42.72265625,-73.52181243896484,0.4470101296901703,False
231,433.25,316.75,360.25,262.75,42.78478240966797,-73.5119857788086,42.77050018310547,-73.50141906738281,0.23577970266342163,True
232,265.25,75.25,257.9971923828125,63.093902587890625,42.75190734863281,-73.4647216796875,42.75048828125,-73.46234130859375,0.659918487071991,False
233,111.75,143.75,111.25,123.75,42.72187042236328,-73.4781265258789,42.721771240234375,-73.47421264648438,0.3951641023159027,False
234,181.75,308.75,155.25,256.75,42.73556900024414,-73.51042175292969,42.73038101196289,-73.500244140625,0.40212327241897583,False
235,314.75,179.25,284.3670959472656,155.17205810546875,42.761592864990234,-73.48507690429688,42.75564956665039,-73.48036193847656,0.566016435623169,True
236,455.25,134.25,410.75,119.25,42.78908920288086,-73.47627258300781,42.78038024902344,-73.47333526611328,0.930805504322052,True
237,365.25,57.25,348.25,49.75,42.77147674560547,-73.4612045288086,42.768150329589844,-73.45973205566406,0.9974923729896545,True
238,381.25,67.25,362.25,59.75,42.77460861206055,-73.4631576538086,42.77088928222656,-73.4616928100586,0.9960597157478333,True
239,234.75,446.75,187.25,355.75,42.745941162109375,-73.53742980957031,42.73664474487305,-73.51962280273438,0.3669661581516266,True
240,464.25,238.75,397.25,203.25,42.79085159301758,-73.49671936035156,42.777740478515625,-73.48977661132812,0.9953998923301697,True
241,491.25,285.75,410.75,239.25,42.79613494873047,-73.50592041015625,42.78038024902344,-73.49681854248047,0.6122541427612305,True
242,227.75,215.25,204.25,184.75,42.74456787109375,-73.49212646484375,42.73997116088867,-73.48615264892578,0.28881633281707764,True
243,479.25,235.75,410.6546325683594,200.37045288085938,42.793785095214844,-73.49613189697266,42.78036117553711,-73.48921203613281,0.7122146487236023,True
244,39.25,171.25,41.75,145.25,42.70768356323242,-73.48351287841797,42.70817184448242,-73.47842407226562,0.41561001539230347,True
245,327.25,207.25,291.75,179.25,42.764041900634766,-73.49055480957031,42.75709533691406,-73.48507690429688,0.652878999710083,True
246,369.25,228.75,321.75,195.75,42.77225875854492,-73.49476623535156,42.76296615600586,-73.4883041381836,0.9008666276931763,True
247,425.75,104.25,392.9327087402344,92.32878112792969,42.78331756591797,-73.47039794921875,42.776893615722656,-73.46806335449219,0.9934222102165222,True
248,427.25,255.75,367.25,215.75,42.78361129760742,-73.50004577636719,42.77186965942383,-73.49221801757812,0.5270010828971863,False
249,394.25,77.25,370.25,68.75,42.77715301513672,-73.46511840820312,42.772457122802734,-73.46345520019531,0.9692193269729614,True
250,127.75,219.25,119.75,186.75,42.724998474121094,-73.49290466308594,42.72343444824219,-73.48654174804688,0.9503834247589111,False
251,65.25,221.25,62.008880615234375,188.4554443359375,42.7127685546875,-73.49329376220703,42.712135314941406,-73.48687744140625,0.7784321308135986,True
252,231.25,191.75,211.75,163.75,42.74525451660156,-73.4875259399414,42.74143981933594,-73.48204040527344,0.5848987698554993,True
253,71.25,446.25,57.75,356.25,42.71394348144531,-73.5373306274414,42.7113037109375,-73.51971435546875,0.32273373007774353,False
254,353.75,346.25,293.75,283.25,42.76922607421875,-73.51776123046875,42.757484436035156,-73.50543212890625,0.2149297147989273,True
255,444.25,56.75,419.25,50.75,42.78693771362305,-73.46110534667969,42.78204345703125,-73.45993041992188,0.3374236822128296,True
256,23.25,41.25,31.75,27.75,42.704551696777344,-73.45806884765625,42.706214904785156,-73.45542907714844,0.6085715889930725,True
257,210.25,85.25,205.25,72.75,42.741146087646484,-73.46668243408203,42.74016571044922,-73.4642333984375,0.9270237684249878,True
258,251.75,134.75,236.20936584472656,115.68714141845703,42.749267578125,-73.47637176513672,42.74622344970703,-73.47264099121094,0.8956074714660645,True
259,218.75,55.25,215.25,44.75,42.7428092956543,-73.46080780029297,42.742122650146484,-73.45875549316406,0.7807594537734985,True
260,228.75,219.25,206.25,187.25,42.74476623535156,-73.49290466308594,42.74036407470703,-73.48664093017578,0.6689378619194031,True
261,203.75,67.25,201.75,55.75,42.739871978759766,-73.4631576538086,42.73948287963867,-73.46090698242188,0.8204347491264343,True
262,429.75,314.25,360.25,260.25,42.78409957885742,-73.5114974975586,42.77050018310547,-73.50093078613281,0.3250682055950165,False
263,447.25,432.25,351.75,343.25,42.78752517700195,-73.53459167480469,42.768836975097656,-73.51717376708984,0.44353437423706055,False
264,382.75,165.25,345.75,145.25,42.77490234375,-73.48233795166016,42.767662048339844,-73.47842407226562,0.7833607792854309,False
265,163.25,105.25,159.25,90.25,42.73194885253906,-73.47059631347656,42.731163024902344,-73.46765899658203,0.8453765511512756,True
266,182.75,100.75,177.75,86.25,42.73576354980469,-73.46971130371094,42.73478317260742,-73.46687316894531,0.791090726852417,True
267,111.25,147.75,107.25,126.25,42.721771240234375,-73.47891235351562,42.72098922729492,-73.4747085571289,0.6823091506958008,True
268,250.75,48.25,246.75,38.75,42.74906921386719,-73.45944213867188,42.748287200927734,-73.45758056640625,0.6291874647140503,True
269,475.25,138.25,425.75,122.25,42.79300308227539,-73.47705078125,42.78331756591797,-73.47392272949219,0.47552376985549927,False
270,369.75,90.25,347.75,79.75,42.77235794067383,-73.46765899658203,42.76805114746094,-73.46560668945312,0.9957717657089233,True
271,109.75,224.75,100.75,190.25,42.72147750854492,-73.49398040771484,42.7197151184082,-73.48722839355469,0.6487936973571777,True
272,409.75,105.75,377.9936218261719,93.2358169555664,42.78018569946289,-73.47069549560547,42.77397155761719,-73.46824645996094,0.9942589402198792,True
273,272.25,142.75,252.25,123.25,42.75327682495117,-73.47793579101562,42.74936294555664,-73.47412109375,0.786460280418396,True
274,311.25,184.25,280.75,158.75,42.76091003417969,-73.48605346679688,42.754940032958984,-73.48106384277344,0.3084370493888855,True
275,249.25,120.25,235.75,103.25,42.748775482177734,-73.4735336303711,42.74613571166992,-73.47020721435547,0.890972375869751,True
276,443.75,110.25,406.25,97.75,42.78683853149414,-73.47157287597656,42.77949905395508,-73.46912384033203,0.46330270171165466,True
277,234.75,25.75,235.75,18.25,42.745941162109375,-73.45503997802734,42.74613571166992,-73.45356750488281,0.7867243885993958,True
278,279.25,290.25,240.42869567871094,242.76895141601562,42.75464630126953,-73.50679779052734,42.74705123901367,-73.49750518798828,0.280978798866272,True
279,464.25,43.75,438.8126220703125,38.99630355834961,42.79085159301758,-73.45855712890625,42.78587341308594,-73.45762634277344,0.5837996006011963,True
280,131.25,379.25,109.93891143798828,308.0475158691406,42.725685119628906,-73.52421569824219,42.72151565551758,-73.51028442382812,0.9352595210075378,True
281,238.25,89.25,231.25,74.75,42.74662399291992,-73.46746063232422,42.74525451660156,-73.4646224975586,0.7023178935050964,False
282,99.75,16.75,107.25,4.75,42.719520568847656,-73.45327758789062,42.72098922729492,-73.450927734375,0.9348431825637817,True
283,349.75,38.75,337.25,32.25,42.7684440612793,-73.45758056640625,42.76599884033203,-73.45630645751953,0.9606976509094238,True
284,299.75,262.25,258.75,219.25,42.75865936279297,-73.5013198852539,42.75063705444336,-73.49290466308594,0.7329847812652588,False
285,59.75,492.25,43.25,388.75,42.711692810058594,-73.54633331298828,42.708465576171875,-73.52607727050781,0.35872286558151245,False
286,55.75,248.75,51.75,210.25,42.71091079711914,-73.4986801147461,42.71012878417969,-73.49114227294922,0.4658992886543274,True
287,212.75,15.75,216.08383178710938,7.138612747192383,42.741634368896484,-73.45307922363281,42.742286682128906,-73.4513931274414,0.6448969841003418,True
288,43.75,167.75,47.75,143.25,42.708560943603516,-73.48282623291016,42.709346771240234,-73.47803497314453,0.34213677048683167,False
289,83.25,268.25,76.25,225.75,42.71629333496094,-73.50249481201172,42.71492385864258,-73.49417877197266,0.7362080216407776,True
290,122.25,140.25,119.75,119.75,42.72392272949219,-73.47744750976562,42.72343444824219,-73.47343444824219,0.2826482951641083,True
291,359.75,69.25,341.75,60.75,42.77040100097656,-73.46354675292969,42.76688003540039,-73.46188354492188,0.9995697140693665,True
292,211.75,109.75,203.75,94.25,42.74143981933594,-73.47147369384766,42.739871978759766,-73.46844482421875,0.9213852882385254,True
293,87.75,299.25,79.25,251.25,42.7171745300293,-73.50856018066406,42.71550750732422,-73.4991683959961,0.5646507740020752,False
294,107.25,144.25,105.48087310791016,123.6573486328125,42.72098922729492,-73.47822570800781,42.72064208984375,-73.47419738769531,0.3942459523677826,True
295,157.25,216.25,144.0642852783203,184.05551147460938,42.73077392578125,-73.49231719970703,42.72819137573242,-73.48601531982422,0.7843957543373108,True
296,79.25,22.75,87.75,10.75,42.71550750732422,-73.45445251464844,42.7171745300293,-73.45210266113281,0.9639268517494202,True
297,268.75,420.75,215.75,337.25,42.752593994140625,-73.53234100341797,42.74222183227539,-73.51599884033203,0.40479305386543274,True
298,286.75,291.75,247.25,243.75,42.7561149597168,-73.50709533691406,42.74838638305664,-73.4977035522461,0.3511042594909668,True
299,134.75,236.75,123.75,202.25,42.72637176513672,-73.49633026123047,42.72421646118164,-73.48957824707031,0.2736551761627197,False
300,474.75,151.25,423.75,135.25,42.792903900146484,-73.47959899902344,42.78292465209961,-73.4764633178711,0.3599773347377777,False
301,54.75,491.25,40.75,388.75,42.710716247558594,-73.54613494873047,42.70797348022461,-73.52607727050781,0.45111897587776184,True
302,206.75,16.75,210.75,8.75,42.74045944213867,-73.45327758789062,42.741241455078125,-73.45170593261719,0.5392633676528931,True
303,103.75,41.25,109.25,28.25,42.72030258178711,-73.45806884765625,42.721378326416016,-73.45552825927734,0.28174299001693726,True
304,141.25,57.25,142.87730407714844,45.130577087402344,42.72764205932617,-73.4612045288086,42.727962493896484,-73.45883178710938,0.7393431663513184,True
305,47.75,144.75,50.75,123.25,42.709346771240234,-73.47832489013672,42.709930419921875,-73.47412109375,0.8368203639984131,True
306,164.75,146.25,156.25,126.75,42.732242584228516,-73.47862243652344,42.7305793762207,-73.47480010986328,0.8544203042984009,True
307,355.25,105.75,332.75,93.25,42.7695198059082,-73.47069549560547,42.76511764526367,-73.46824645996094,0.995359480381012,False
308,299.75,254.75,260.25,215.25,42.75865936279297,-73.4998550415039,42.75093078613281,-73.49212646484375,0.44115307927131653,True
309,148.25,462.75,118.75,367.25,42.72901153564453,-73.54055786132812,42.72323989868164,-73.5218734741211,0.5629635453224182,False
310,453.25,52.25,427.25,47.75,42.7886962890625,-73.46022033691406,42.78361129760742,-73.45934295654297,0.6674545407295227,True
311,121.75,161.75,117.03617858886719,139.01351928710938,42.72382736206055,-73.48165130615234,42.722904205322266,-73.47720336914062,0.9797090291976929,True
312,120.75,116.25,118.75,99.25,42.723628997802734,-73.47274780273438,42.72323989868164,-73.46942138671875,0.38086098432540894,True
313,274.75,192.25,248.25,165.75,42.75376892089844,-73.48762512207031,42.74858093261719,-73.48243713378906,0.9770992994308472,True
314,333.75,253.25,290.2403869628906,213.87258911132812,42.76531219482422,-73.49955749511719,42.756797790527344,-73.49185180664062,0.9761311411857605,True
315,108.25,227.25,100.75,192.75,42.72118377685547,-73.49446868896484,42.7197151184082,-73.48771667480469,0.34019336104393005,True
316,471.25,400.75,375.75,319.25,42.79222106933594,-73.52842712402344,42.77353286743164,-73.5124740600586,0.4823068380355835,True
317,495.75,411.75,391.25,327.75,42.79701614379883,-73.53057861328125,42.77656555175781,-73.5141372680664,0.36622685194015503,True
318,161.25,325.75,137.25,271.25,42.7315559387207,-73.51374816894531,42.72686004638672,-73.50308227539062,0.748244047164917,False
319,317.25,332.25,265.25,275.75,42.7620849609375,-73.51502227783203,42.75190734863281,-73.50395965576172,0.23293708264827728,False
320,247.75,15.25,247.75,7.25,42.74848175048828,-73.4529800415039,42.74848175048828,-73.451416015625,0.6053586602210999,True
321,383.25,39.75,368.25,32.75,42.775001525878906,-73.45777893066406,42.772064208984375,-73.45640563964844,0.9688084125518799,False
322,147.75,230.25,134.75,196.75,42.728912353515625,-73.49505615234375,42.72637176513672,-73.4885025024414,0.4556598961353302,True
323,178.75,308.75,152.25,257.75,42.734981536865234,-73.51042175292969,42.729793548583984,-73.50044250488281,0.3967238962650299,False
324,249.75,457.25,197.66246032714844,361.0968933105469,42.74887466430664,-73.53948211669922,42.73868179321289,-73.52066802978516,0.4067060649394989,True
325,249.25,139.25,233.75,120.25,42.748775482177734,-73.47724914550781,42.74574279785156,-73.4735336303711,0.8943864107131958,True
326,386.25,22.25,374.75,16.75,42.77558517456055,-73.45435333251953,42.77333450317383,-73.45327758789062,0.8408986330032349,False
327,423.75,459.75,327.25,361.75,42.78292465209961,-73.53997039794922,42.764041900634766,-73.52079010009766,0.27765223383903503,False
328,479.75,102.25,437.25,92.75,42.79388427734375,-73.47000885009766,42.78556823730469,-73.46814727783203,0.8704699873924255,False
329,222.75,443.25,178.75,351.25,42.74359130859375,-73.5367431640625,42.734981536865234,-73.51873779296875,0.8973026871681213,True
330,228.25,80.75,222.25,68.25,42.744667053222656,-73.4657974243164,42.743492126464844,-73.4633560180664,0.6524415016174316,True
331,156.75,213.25,143.25,181.75,42.730674743652344,-73.49172973632812,42.72803497314453,-73.48556518554688,0.9292968511581421,True
332,91.75,33.25,98.8122329711914,20.525691986083984,42.71795654296875,-73.45650482177734,42.719337463378906,-73.45401763916016,0.995665967464447,True
333,305.25,265.25,264.75,222.75,42.759735107421875,-73.50190734863281,42.75181198120117,-73.49359130859375,0.7840349078178406,True
334,317.75,329.75,265.75,273.25,42.76218032836914,-73.51453399658203,42.75200653076172,-73.50347137451172,0.24546217918395996,False
335,223.25,221.25,201.75,189.75,42.743690490722656,-73.49329376220703,42.73948287963867,-73.48712921142578,0.3532108664512634,True
336,150.25,228.25,135.75,194.25,42.72940444946289,-73.49466705322266,42.726566314697266,-73.4880142211914,0.6067425608634949,True
337,75.75,343.25,63.25,283.75,42.71482467651367,-73.51717376708984,42.712379455566406,-73.50553131103516,0.8705713152885437,False
338,199.75,423.25,162.75,339.25,42.73908996582031,-73.53282928466797,42.731849670410156,-73.51638793945312,0.6543672680854797,True
339,439.25,56.75,415.25,52.75,42.78595733642578,-73.46110534667969,42.7812614440918,-73.46031951904297,0.3493748903274536,False
340,382.75,486.75,295.75,377.25,42.77490234375,-73.54525756835938,42.757877349853516,-73.5238265991211,0.38312312960624695,True
341,487.75,167.25,431.8271484375,146.09902954101562,42.795448303222656,-73.48272705078125,42.78450393676758,-73.47859191894531,0.4876040518283844,True
342,187.25,143.75,179.25,123.75,42.73664474487305,-73.4781265258789,42.735076904296875,-73.47421264648438,0.8197256922721863,False
343,315.75,50.25,305.25,42.25,42.76179122924805,-73.45983123779297,42.759735107421875,-73.45826721191406,0.998870849609375,True
344,318.75,313.75,268.8470764160156,260.009765625,42.76237869262695,-73.51139831542969,42.75261306762695,-73.50088500976562,0.7411847710609436,True
345,430.25,213.75,376.25,182.75,42.78419876098633,-73.49182891845703,42.77362823486328,-73.48576354980469,0.9190571904182434,True
346,165.75,37.25,169.00057983398438,27.710899353027344,42.73243713378906,-73.45729064941406,42.73307418823242,-73.4554214477539,0.9754568934440613,True
347,449.75,433.25,355.25,343.75,42.78801345825195,-73.5347900390625,42.7695198059082,-73.51727294921875,0.3909938931465149,False
348,480.25,96.25,440.25,86.75,42.793983459472656,-73.46883392333984,42.786155700683594,-73.46697235107422,0.39202895760536194,True
349,388.25,233.75,335.75,198.25,42.775978088378906,-73.49574279785156,42.76570510864258,-73.4887924194336,0.7851930856704712,False
350,174.25,444.25,141.25,354.25,42.734100341796875,-73.53694152832031,42.72764205932617,-73.51932525634766,0.47429704666137695,False
351,453.25,371.75,367.75,302.25,42.7886962890625,-73.52275085449219,42.77196502685547,-73.50914764404297,0.34744009375572205,False
352,185.25,115.75,178.4845733642578,100.12976837158203,42.73625183105469,-73.47264862060547,42.734928131103516,-73.46958923339844,0.454568475484848,True
353,131.25,233.75,120.25,199.25,42.725685119628906,-73.49574279785156,42.723533630371094,-73.4889907836914,0.9191519021987915,True
354,179.75,227.25,162.75,193.75,42.73517608642578,-73.49446868896484,42.731849670410156,-73.4879150390625,0.8367005586624146,True
355,421.75,241.25,363.75,204.75,42.782535552978516,-73.49720764160156,42.771183013916016,-73.49006652832031,0.6421093344688416,True
356,323.25,207.75,287.25,179.25,42.76325988769531,-73.49065399169922,42.7562141418457,-73.48507690429688,0.6462039947509766,True
357,288.25,358.75,238.75,291.25,42.75640869140625,-73.52021026611328,42.74672317504883,-73.50699615478516,0.2440260648727417,False
358,422.75,247.25,365.25,207.25,42.78273010253906,-73.49838256835938,42.77147674560547,-73.49055480957031,0.287689208984375,False
359,394.25,38.25,377.8060302734375,33.07606506347656,42.77715301513672,-73.45748138427734,42.77393341064453,-73.45646667480469,0.9993671774864197,True
360,168.75,151.25,158.75,131.25,42.73302459716797,-73.47959899902344,42.7310676574707,-73.4756851196289,0.470897912979126,False
361,281.75,292.75,240.75,245.75,42.7551383972168,-73.50729370117188,42.74711227416992,-73.49809265136719,0.3471609652042389,True
362,250.25,384.75,205.75,311.75,42.74897384643555,-73.5252914428711,42.740264892578125,-73.5110092163086,0.7503266930580139,True
363,157.75,202.25,145.75,172.25,42.73086929321289,-73.48957824707031,42.72852325439453,-73.48370361328125,0.5941759943962097,True
364,143.75,327.25,122.75,271.75,42.72813034057617,-73.51404571533203,42.724021911621094,-73.50318145751953,0.9964063167572021,True
365,87.25,479.25,67.75,379.25,42.71707534790039,-73.54379272460938,42.713260650634766,-73.52421569824219,0.424934059381485,True
366,291.75,391.25,239.75,315.25,42.75709533691406,-73.52656555175781,42.746917724609375,-73.5116958618164,0.5755255222320557,False
367,55.75,243.25,51.25,207.25,42.71091079711914,-73.49760437011719,42.71002960205078,-73.49055480957031,0.68873131275177,False
368,213.25,393.25,175.75,319.25,42.74173355102539,-73.52696228027344,42.73439407348633,-73.5124740600586,0.27123934030532837,True
369,225.75,305.75,192.75,254.75,42.744178771972656,-73.50983428955078,42.73772048950195,-73.4998550415039,0.9972503781318665,True
370,124.75,136.75,121.25,116.75,42.72441482543945,-73.47676086425781,42.72372817993164,-73.47284698486328,0.3790798783302307,True
371,426.25,210.25,373.75,181.75,42.78341293334961,-73.49114227294922,42.77313995361328,-73.48556518554688,0.8514883518218994,True
372,289.75,367.25,238.75,299.25,42.7567024230957,-73.5218734741211,42.74672317504883,-73.50856018066406,0.7987752556800842,True
373,170.75,226.75,155.75,193.25,42.73341369628906,-73.49437713623047,42.7304801940918,-73.4878158569336,0.8758722543716431,True
374,155.25,200.75,143.04443359375,171.94534301757812,42.73038101196289,-73.48928833007812,42.72799301147461,-73.48365020751953,0.8529112339019775,True
375,290.75,363.25,240.0220947265625,294.7620849609375,42.75689697265625,-73.52108764648438,42.746971130371094,-73.50768280029297,0.7882545590400696,True
376,268.25,70.75,260.75,58.75,42.75249481201172,-73.4638442993164,42.75102615356445,-73.46149444580078,0.6074886918067932,False
377,450.75,269.25,382.25,226.25,42.7882080078125,-73.50269317626953,42.774803161621094,-73.49427795410156,0.5246953964233398,True
378,386.75,352.25,318.25,287.75,42.77568435668945,-73.51893615722656,42.76227951049805,-73.50630950927734,0.7632726430892944,True
379,451.75,171.75,402.75,151.25,42.78840637207031,-73.48361206054688,42.77881622314453,-73.47959899902344,0.9667062163352966,False
380,195.75,454.25,159.75,356.75,42.73830795288086,-73.53889465332031,42.73126220703125,-73.51981353759766,0.43078574538230896,False
381,217.75,85.25,211.75,73.25,42.742610931396484,-73.46668243408203,42.74143981933594,-73.4643325805664,0.9661487936973572,True
382,46.75,455.75,35.75,362.75,42.70914840698242,-73.53919219970703,42.70699691772461,-73.52098846435547,0.6577553153038025,True
383,210.75,156.25,199.25,135.75,42.741241455078125,-73.48057556152344,42.738990783691406,-73.4765625,0.3785254657268524,False
384,333.25,115.25,310.75,101.75,42.76521682739258,-73.47254943847656,42.76081085205078,-73.46990966796875,0.9641244411468506,True
385,98.75,364.25,82.6613540649414,299.9085693359375,42.71932601928711,-73.52128601074219,42.7161750793457,-73.5086898803711,0.9562525153160095,True
386,163.25,490.75,127.25,383.25,42.73194885253906,-73.5460433959961,42.72490310668945,-73.5250015258789,0.7397482395172119,False
387,475.25,134.25,425.75,119.75,42.79300308227539,-73.47627258300781,42.78331756591797,-73.47343444824219,0.22365227341651917,False
388,187.25,427.75,151.25,343.25,42.73664474487305,-73.53370666503906,42.72959899902344,-73.51717376708984,0.701006293296814,True
389,163.75,110.25,159.25,95.75,42.7320442199707,-73.47157287597656,42.731163024902344,-73.46873474121094,0.714417576789856,False
390,106.75,283.25,95.25,239.25,42.720890045166016,-73.50543212890625,42.7186393737793,-73.49681854248047,0.6164599061012268,True
391,94.25,83.25,97.10533905029297,68.00067138671875,42.71844482421875,-73.46629333496094,42.71900177001953,-73.46330261230469,0.9979249835014343,True
392,271.25,68.75,262.9468688964844,56.63215637207031,42.753082275390625,-73.46345520019531,42.75145721435547,-73.4610824584961,0.31943032145500183,False
393,215.75,156.75,203.25,135.25,42.74222183227539,-73.48067474365234,42.739776611328125,-73.4764633178711,0.6443076729774475,False
394,212.25,398.25,173.25,320.75,42.74153518676758,-73.52793884277344,42.73390579223633,-73.51277160644531,0.41372546553611755,True
395,426.25,36.25,405.75,32.75,42.78341293334961,-73.45709228515625,42.77940368652344,-73.45640563964844,0.9365906119346619,True
396,211.25,193.75,193.75,166.25,42.74134063720703,-73.4879150390625,42.7379150390625,-73.48253631591797,0.6326360106468201,True
397,226.75,133.25,213.75,114.25,42.7443733215332,-73.47607421875,42.74182891845703,-73.47235870361328,0.990898847579956,True
398,164.75,314.75,141.25,261.75,42.732242584228516,-73.5115966796875,42.72764205932617,-73.501220703125,0.9926918148994446,True
399,270.75,15.25,269.75,9.75,42.75298309326172,-73.4529800415039,42.75278854370117,-73.451904296875,0.7570192217826843,True
400,338.75,238.25,296.25,202.75,42.766292572021484,-73.49662780761719,42.757972717285156,-73.48967742919922,0.42291781306266785,True
401,47.75,446.25,35.75,355.25,42.709346771240234,-73.5373306274414,42.70699691772461,-73.51952362060547,0.2686081528663635,False
402,8.25,348.75,7.25,287.75,42.70161437988281,-73.51824951171875,42.701419830322266,-73.50630950927734,0.6752222180366516,True
403,212.75,104.75,205.25,88.75,42.741634368896484,-73.47049713134766,42.74016571044922,-73.46736907958984,0.685939610004425,True
404,223.25,79.75,217.25,68.25,42.743690490722656,-73.46560668945312,42.742515563964844,-73.4633560180664,0.7981919646263123,True
405,395.75,258.25,339.75,218.75,42.77744674682617,-73.50054168701172,42.76648712158203,-73.49280548095703,0.9402424097061157,True
406,312.25,181.75,280.75,156.25,42.761104583740234,-73.48556518554688,42.754940032958984,-73.48057556152344,0.516746461391449,False
407,232.25,194.75,211.75,167.75,42.74544906616211,-73.48811340332031,42.74143981933594,-73.48282623291016,0.73028564453125,True
408,105.75,43.75,111.75,30.75,42.72069549560547,-73.45855712890625,42.72187042236328,-73.45601654052734,0.5463073253631592,True
409,29.75,198.25,30.84003257751465,169.1160430908203,42.7058219909668,-73.4887924194336,42.70603561401367,-73.48309326171875,0.35315725207328796,True
410,207.75,175.75,192.75,151.75,42.74065399169922,-73.48439025878906,42.73772048950195,-73.47969818115234,0.9045110940933228,True
411,187.75,195.25,171.75,167.25,42.73674011230469,-73.48820495605469,42.733612060546875,-73.48272705078125,0.8794338703155518,True
412,275.75,159.75,255.75,139.25,42.753963470458984,-73.48126220703125,42.75004959106445,-73.47724914550781,0.5233054757118225,False
413,46.25,86.25,50.75,70.75,42.70905303955078,-73.46687316894531,42.709930419921875,-73.4638442993164,0.9636821150779724,True
414,96.75,95.75,98.25,79.75,42.71893310546875,-73.46873474121094,42.7192268371582,-73.46560668945312,0.9759437441825867,True
415,87.25,135.75,86.77650451660156,116.01375579833984,42.71707534790039,-73.4765625,42.716983795166016,-73.47270202636719,0.9969865679740906,True
416,243.75,82.75,235.63796997070312,70.90243530273438,42.74769973754883,-73.46619415283203,42.74611282348633,-73.46387481689453,0.8736138343811035,True
417,298.75,39.75,291.25,32.75,42.75846481323242,-73.45777893066406,42.756996154785156,-73.45640563964844,0.6781052947044373,True
418,136.75,98.75,135.75,81.75,42.72676086425781,-73.46932220458984,42.726566314697266,-73.46599578857422,0.9703326225280762,False
419,107.25,279.75,95.25,235.75,42.72098922729492,-73.50474548339844,42.7186393737793,-73.49613189697266,0.9162209630012512,True
420,313.75,225.75,278.25,192.75,42.76139831542969,-73.49417877197266,42.754451751708984,-73.48771667480469,0.8701589703559875,True
421,408.25,292.25,344.25,244.25,42.77989196777344,-73.50719451904297,42.76736831665039,-73.49779510498047,0.7547675967216492,True
422,428.25,133.25,389.25,117.75,42.78380584716797,-73.47607421875,42.77617263793945,-73.47303771972656,0.9892855286598206,True
423,290.75,431.75,234.25,343.75,42.75689697265625,-73.53449249267578,42.74584197998047,-73.51727294921875,0.33802714943885803,False
424,97.25,127.75,97.75,107.75,42.719032287597656,-73.4749984741211,42.71913146972656,-73.47108459472656,0.7373384237289429,True
425,397.25,304.25,333.75,253.25,42.777740478515625,-73.5095443725586,42.76531219482422,-73.49955749511719,0.6018478870391846,True
426,436.75,52.75,413.25,48.75,42.78546905517578,-73.46031951904297,42.78086853027344,-73.45954132080078,0.46174222230911255,False
427,72.25,391.75,59.75,320.25,42.71413803100586,-73.52666473388672,42.711692810058594,-73.5126724243164,0.519831657409668,True
428,186.25,61.75,183.75,50.75,42.7364501953125,-73.46208190917969,42.735958099365234,-73.45993041992188,0.6503571271896362,False
429,412.75,19.75,396.75,18.25,42.7807731628418,-73.45386505126953,42.77764129638672,-73.45356750488281,0.7794787883758545,False
430,51.25,163.25,51.75,139.75,42.71002960205078,-73.48194885253906,42.71012878417969,-73.47734832763672,0.5004339814186096,True
431,195.75,247.75,175.25,211.25,42.73830795288086,-73.49848175048828,42.73429489135742,-73.49134063720703,0.8410439491271973,False
432,324.25,38.75,316.25,30.75,42.76345443725586,-73.45758056640625,42.76188659667969,-73.45601654052734,0.323721706867218,False
433,212.75,314.75,182.12033081054688,261.0124206542969,42.741634368896484,-73.5115966796875,42.73564147949219,-73.5010757446289,0.3636972904205322,True
434,294.75,250.75,255.75,211.75,42.75768280029297,-73.49906921386719,42.75004959106445,-73.49143981933594,0.829442024230957,False
435,172.25,154.75,163.75,134.25,42.733707427978516,-73.48028564453125,42.7320442199707,-73.47627258300781,0.5015255212783813,True
436,441.25,109.25,403.25,96.75,42.78635025024414,-73.47137451171875,42.77891159057617,-73.46893310546875,0.8513225317001343,False
437,351.25,152.75,320.0477600097656,132.8955535888672,42.76873779296875,-73.47988891601562,42.762630462646484,-73.47600555419922,0.8217136859893799,True
438,179.25,247.25,159.25,211.25,42.735076904296875,-73.49838256835938,42.731163024902344,-73.49134063720703,0.2875460386276245,False
439,184.75,146.75,175.75,127.75,42.73615646362305,-73.47871398925781,42.73439407348633,-73.4749984741211,0.22844767570495605,True
440,418.75,158.25,376.0456848144531,137.93199157714844,42.78194808959961,-73.48096466064453,42.773590087890625,-73.47698974609375,0.9699475765228271,True
441,478.75,160.25,425.75,141.25,42.7936897277832,-73.48136138916016,42.78331756591797,-73.4776382446289,0.3943236768245697,True
442,268.75,261.25,233.75,218.75,42.752593994140625,-73.5011215209961,42.74574279785156,-73.49280548095703,0.3277775049209595,False
443,122.75,31.25,129.75,19.75,42.724021911621094,-73.45611572265625,42.72539138793945,-73.45386505126953,0.6053077578544617,True
444,143.75,427.25,115.75,341.75,42.72813034057617,-73.53361511230469,42.722652435302734,-73.51687622070312,0.30387288331985474,True
445,319.25,206.75,284.75,179.25,42.762474060058594,-73.4904556274414,42.7557258605957,-73.48507690429688,0.3808695375919342,False
446,318.75,7.25,315.25,3.75,42.76237869262695,-73.451416015625,42.76169204711914,-73.45072937011719,0.5113096833229065,False
447,331.75,158.25,302.25,137.75,42.764923095703125,-73.48096466064453,42.75914764404297,-73.47695922851562,0.5997948050498962,True
448,234.25,207.75,211.25,179.25,42.74584197998047,-73.49065399169922,42.74134063720703,-73.48507690429688,0.5278158187866211,True
449,263.75,407.75,215.75,327.75,42.75161361694336,-73.52979278564453,42.74222183227539,-73.5141372680664,0.48736464977264404,False
450,177.25,152.75,167.25,131.75,42.73468780517578,-73.47988891601562,42.732730865478516,-73.47578430175781,0.5551019906997681,True
451,308.25,268.25,267.25,227.25,42.76032257080078,-73.50249481201172,42.75230026245117,-73.49446868896484,0.5479609370231628,False
452,234.75,121.25,221.75,104.75,42.745941162109375,-73.47372436523438,42.7433967590332,-73.47049713134766,0.533051609992981,True
453,107.75,477.25,85.25,375.75,42.72108840942383,-73.54339599609375,42.71668243408203,-73.5235366821289,0.27650773525238037,False
454,146.25,453.75,118.75,364.75,42.72862243652344,-73.5387954711914,42.72323989868164,-73.52137756347656,0.24828477203845978,False
455,135.25,234.25,123.00554656982422,199.10128784179688,42.72646713256836,-73.49584197998047,42.72407150268555,-73.48896026611328,0.40129339694976807,True
456,376.75,65.25,357.9976806640625,57.05207443237305,42.77372741699219,-73.4627685546875,42.770057678222656,-73.4611587524414,0.9990943670272827,True
457,72.25,425.25,57.75,343.75,42.71413803100586,-73.53321838378906,42.7113037109375,-73.51727294921875,0.8405553698539734,True
458,444.75,106.75,408.25,94.75,42.78703308105469,-73.47088623046875,42.77989196777344,-73.46853637695312,0.4699971079826355,True
459,274.25,289.25,235.25,239.25,42.75366973876953,-73.50660705566406,42.746036529541016,-73.49681854248047,0.28697267174720764,False
460,319.75,38.75,311.75,31.25,42.7625732421875,-73.45758056640625,42.761009216308594,-73.45611572265625,0.3418012261390686,True
461,119.75,144.75,118.25,123.25,42.72343444824219,-73.47832489013672,42.723140716552734,-73.47412109375,0.5369171500205994,False
462,356.25,429.75,283.75,341.25,42.76971435546875,-73.53410339355469,42.75552749633789,-73.51678466796875,0.9505888819694519,True
463,275.75,130.25,259.75,112.75,42.753963470458984,-73.4754867553711,42.750831604003906,-73.47206115722656,0.9778730869293213,False
464,408.25,160.25,367.1158752441406,139.826904296875,42.77989196777344,-73.48136138916016,42.77184295654297,-73.47736358642578,0.998328685760498,True
465,220.25,247.25,195.75,211.25,42.74310302734375,-73.49838256835938,42.73830795288086,-73.49134063720703,0.829483151435852,False
466,303.25,125.75,282.75,109.25,42.75934600830078,-73.474609375,42.755332946777344,-73.47137451171875,0.9988910555839539,True
467,95.25,243.75,87.75,207.25,42.7186393737793,-73.4977035522461,42.7171745300293,-73.49055480957031,0.7597856521606445,True
468,343.25,179.75,307.75,156.75,42.767173767089844,-73.48517608642578,42.760223388671875,-73.48067474365234,0.9009634852409363,False
469,227.75,14.75,230.75,6.75,42.74456787109375,-73.452880859375,42.745155334472656,-73.4513168334961,0.9942535161972046,True
470,365.25,274.75,311.25,231.75,42.77147674560547,-73.50376892089844,42.76091003417969,-73.49535369873047,0.44278010725975037,False
471,363.25,295.25,308.75,245.75,42.771087646484375,-73.50778198242188,42.76042175292969,-73.49809265136719,0.874286949634552,True
472,127.75,26.75,133.25,16.25,42.724998474121094,-73.45523071289062,42.726078033447266,-73.45317840576172,0.48417267203330994,True
473,428.25,320.75,355.75,263.75,42.78380584716797,-73.51277160644531,42.76961898803711,-73.50161743164062,0.3555629551410675,True
474,178.25,155.75,167.25,135.75,42.73488235473633,-73.48047637939453,42.732730865478516,-73.4765625,0.4711693525314331,False
475,83.75,92.75,87.25,76.25,42.71638870239258,-73.46814727783203,42.71707534790039,-73.46492004394531,0.9914894104003906,True
476,235.75,199.25,215.25,171.25,42.74613571166992,-73.4889907836914,42.742122650146484,-73.48351287841797,0.4424918293952942,True
477,63.25,350.75,52.25,289.75,42.712379455566406,-73.51863861083984,42.71022415161133,-73.50670623779297,0.47413936257362366,False
478,210.75,393.75,172.75,318.25,42.741241455078125,-73.52705383300781,42.73380661010742,-73.51228332519531,0.2932606339454651,True
479,475.25,97.25,435.25,87.25,42.79300308227539,-73.46903228759766,42.78517532348633,-73.46707153320312,0.6560800075531006,True
480,429.75,48.25,406.25,44.25,42.78409957885742,-73.45944213867188,42.77949905395508,-73.45865631103516,0.8549045920372009,True
481,449.75,273.25,381.75,228.75,42.78801345825195,-73.50347137451172,42.77470779418945,-73.49476623535156,0.44064420461654663,True
482,163.75,326.25,139.75,271.25,42.7320442199707,-73.51384735107422,42.72734832763672,-73.50308227539062,0.5147102475166321,True
483,475.25,239.25,406.5721130371094,203.44259643554688,42.79300308227539,-73.49681854248047,42.779563903808594,-73.48981475830078,0.5177069902420044,True
484,483.25,164.75,428.75,144.75,42.7945671081543,-73.48223876953125,42.783905029296875,-73.47832489013672,0.6505310535430908,True
485,211.75,262.25,187.75,221.25,42.74143981933594,-73.5013198852539,42.73674011230469,-73.49329376220703,0.9886417984962463,True
486,210.25,13.75,211.75,6.25,42.741146087646484,-73.45269012451172,42.74143981933594,-73.45121765136719,0.3070617616176605,False
487,390.75,235.25,338.25,199.25,42.776466369628906,-73.49604034423828,42.76619338989258,-73.4889907836914,0.439612478017807,False
488,476.25,92.25,437.0071105957031,82.12356567382812,42.79319763183594,-73.46804809570312,42.785518646240234,-73.46607208251953,0.4186290502548218,False
489,418.75,327.25,347.25,268.75,42.78194808959961,-73.51404571533203,42.7679557800293,-73.50259399414062,0.5370370745658875,True
490,292.75,440.75,232.87738037109375,351.88623046875,42.75728988647461,-73.5362548828125,42.74557113647461,-73.51885986328125,0.32308533787727356,False
491,110.75,53.75,115.75,42.25,42.72167205810547,-73.46051788330078,42.722652435302734,-73.45826721191406,0.36760973930358887,True
492,183.75,151.75,175.75,130.25,42.735958099365234,-73.47969818115234,42.73439407348633,-73.4754867553711,0.4501952826976776,False
493,479.25,239.75,409.8785400390625,203.36390686035156,42.793785095214844,-73.49691772460938,42.78021240234375,-73.48979949951172,0.46809592843055725,True
494,91.25,228.25,85.25,195.25,42.717857360839844,-73.49466705322266,42.71668243408203,-73.48820495605469,0.6381832957267761,True
495,55.25,41.25,63.25,28.25,42.710811614990234,-73.45806884765625,42.712379455566406,-73.45552825927734,0.500300943851471,True
496,339.75,199.25,303.25,171.75,42.76648712158203,-73.4889907836914,42.75934600830078,-73.48361206054688,0.9805185198783875,True
497,157.25,208.25,144.75,177.25,42.73077392578125,-73.49075317382812,42.728328704833984,-73.48468780517578,0.8750143647193909,True
498,411.25,261.75,352.75,219.25,42.780479431152344,-73.501220703125,42.7690315246582,-73.49290466308594,0.5368308424949646,False
499,267.75,415.25,215.25,331.75,42.75239562988281,-73.53126525878906,42.742122650146484,-73.51492309570312,0.8769952654838562,True
500,333.25,423.25,265.25,338.25,42.76521682739258,-73.53282928466797,42.75190734863281,-73.51619720458984,0.9395012855529785,False
501,317.75,327.25,266.25,270.75,42.76218032836914,-73.51404571533203,42.75210189819336,-73.50298309326172,0.42786815762519836,True
502,77.75,64.25,83.75,51.25,42.71521759033203,-73.46257019042969,42.71638870239258,-73.46002960205078,0.779631495475769,True
503,43.75,362.25,36.25,297.75,42.708560943603516,-73.52088928222656,42.707096099853516,-73.50827026367188,0.28115737438201904,True
504,127.25,135.25,124.06283569335938,115.42574310302734,42.72490310668945,-73.4764633178711,42.72427749633789,-73.47258758544922,0.6798876523971558,True
505,253.75,361.75,210.25,295.25,42.749656677246094,-73.52079010009766,42.741146087646484,-73.50778198242188,0.3592892587184906,True
506,250.25,378.75,206.25,309.25,42.74897384643555,-73.52412414550781,42.74036407470703,-73.5105209350586,0.23053693771362305,False
507,47.25,451.25,35.25,360.25,42.70924758911133,-73.5383071899414,42.7068977355957,-73.52050018310547,0.4094375967979431,True
508,43.75,384.75,35.75,316.75,42.708560943603516,-73.5252914428711,42.70699691772461,-73.5119857788086,0.6227185726165771,False
509,208.25,96.25,201.534912109375,81.80780029296875,42.740753173828125,-73.46883392333984,42.73944091796875,-73.46601104736328,0.8469774127006531,True
510,214.25,320.25,180.25,266.75,42.74192810058594,-73.5126724243164,42.73527526855469,-73.50220489501953,0.31514960527420044,False
511,348.75,93.25,327.25,81.25,42.76824951171875,-73.46824645996094,42.764041900634766,-73.46589660644531,0.9585018157958984,True
512,104.25,142.75,102.25,122.75,42.720401763916016,-73.47793579101562,42.720008850097656,-73.4740219116211,0.7452917695045471,True
513,382.25,34.75,365.75,28.75,42.774803161621094,-73.45679473876953,42.771575927734375,-73.45561981201172,0.8067169785499573,False
514,270.75,131.25,254.75,115.25,42.75298309326172,-73.4756851196289,42.749855041503906,-73.47254943847656,0.36164361238479614,False
515,145.75,430.25,117.75,344.25,42.72852325439453,-73.5342025756836,42.723045349121094,-73.51737213134766,0.45525872707366943,True
516,273.75,261.75,238.75,219.25,42.753570556640625,-73.501220703125,42.74672317504883,-73.49290466308594,0.44725367426872253,False
517,303.75,286.25,259.75,239.25,42.75944137573242,-73.50601959228516,42.750831604003906,-73.49681854248047,0.4001341760158539,True
518,426.25,45.25,405.25,41.25,42.78341293334961,-73.45885467529297,42.77930450439453,-73.45806884765625,0.7464163303375244,True
519,452.75,98.25,415.25,88.75,42.78860092163086,-73.46922302246094,42.7812614440918,-73.46736907958984,0.3784743547439575,False
520,226.25,191.25,206.75,163.25,42.7442741394043,-73.4874267578125,42.74045944213867,-73.48194885253906,0.771599292755127,True
521,160.25,72.25,161.25,59.25,42.731361389160156,-73.4641342163086,42.7315559387207,-73.46159362792969,0.5673544406890869,True
522,414.75,392.75,331.75,316.75,42.78116226196289,-73.52686309814453,42.764923095703125,-73.5119857788086,0.3519352078437805,False
523,58.25,250.75,53.25,213.25,42.71139907836914,-73.49906921386719,42.71042251586914,-73.49172973632812,0.20311929285526276,True
524,301.25,44.75,293.75,37.25,42.75895309448242,-73.45875549316406,42.757484436035156,-73.45729064941406,0.7061561346054077,True
525,119.25,467.25,91.75,370.25,42.72333526611328,-73.54144287109375,42.71795654296875,-73.5224609375,0.27558985352516174,False
526,163.75,330.25,139.75,274.25,42.7320442199707,-73.5146255493164,42.72734832763672,-73.50366973876953,0.6861585974693298,True
527,384.25,144.25,349.25,126.75,42.77519607543945,-73.47822570800781,42.76834487915039,-73.47480010986328,0.9957059025764465,True
528,398.75,104.25,369.75,92.75,42.77803421020508,-73.47039794921875,42.77235794067383,-73.46814727783203,0.9943097829818726,True
529,109.75,472.75,85.75,373.25,42.72147750854492,-73.54251861572266,42.71678161621094,-73.52304077148438,0.33060598373413086,True
530,98.75,295.25,86.75,247.25,42.71932601928711,-73.50778198242188,42.716976165771484,-73.49838256835938,0.721269965171814,True
531,175.75,255.25,155.75,215.25,42.73439407348633,-73.49995422363281,42.7304801940918,-73.49212646484375,0.8039053678512573,True
532,233.25,204.75,211.75,175.75,42.74564743041992,-73.49006652832031,42.74143981933594,-73.48439025878906,0.4980156719684601,True
533,458.75,134.25,414.75,119.25,42.78977584838867,-73.47627258300781,42.78116226196289,-73.47333526611328,0.9147917628288269,True
534,330.25,121.75,306.9660339355469,105.28712463378906,42.76462936401367,-73.47382354736328,42.76007080078125,-73.4706039428711,0.9938727617263794,True
535,66.25,475.25,51.25,376.75,42.71296691894531,-73.54300689697266,42.71002960205078,-73.52372741699219,0.7586024403572083,True
536,111.75,58.25,117.75,45.25,42.72187042236328,-73.46139526367188,42.723045349121094,-73.45885467529297,0.3539077341556549,False
537,432.75,457.25,338.25,358.25,42.78468704223633,-73.53948211669922,42.76619338989258,-73.52011108398438,0.6764671802520752,True
538,416.75,165.25,372.75,143.25,42.78155517578125,-73.48233795166016,42.772945404052734,-73.47803497314453,0.7428457140922546,True
539,146.25,410.25,119.25,329.75,42.72862243652344,-73.53028869628906,42.72333526611328,-73.51453399658203,0.8678221106529236,True
540,176.75,458.75,142.75,363.75,42.734588623046875,-73.53977966308594,42.727935791015625,-73.52118682861328,0.5009734630584717,False
541,352.75,486.25,271.25,378.25,42.7690315246582,-73.54515838623047,42.753082275390625,-73.5240249633789,0.21429449319839478,False
542,199.75,407.25,163.75,326.25,42.73908996582031,-73.52970123291016,42.7320442199707,-73.51384735107422,0.5952984094619751,False
543,497.75,139.25,446.75,123.25,42.79740524291992,-73.47724914550781,42.78742599487305,-73.47412109375,0.5842220187187195,True
544,3.75,351.25,4.25,291.25,42.70073318481445,-73.51873779296875,42.70083236694336,-73.50699615478516,0.920728862285614,False
545,249.75,125.25,235.25,108.25,42.74887466430664,-73.4745101928711,42.746036529541016,-73.47118377685547,0.9563927054405212,True
546,83.75,67.25,87.75,52.75,42.71638870239258,-73.4631576538086,42.7171745300293,-73.46031951904297,0.6045567393302917,True
547,96.25,340.25,81.25,280.25,42.71883773803711,-73.51658630371094,42.71590042114258,-73.50484466552734,0.5106709003448486,False
548,248.75,143.25,232.75,122.75,42.748680114746094,-73.47803497314453,42.745548248291016,-73.4740219116211,0.9281153082847595,True
549,460.75,391.25,370.75,315.25,42.790164947509766,-73.52656555175781,42.772552490234375,-73.5116958618164,0.5197405815124512,False
550,83.25,296.25,75.75,250.25,42.71629333496094,-73.50797271728516,42.71482467651367,-73.49897003173828,0.2361001819372177,False
551,87.25,217.75,81.75,184.75,42.71707534790039,-73.49261474609375,42.715999603271484,-73.48615264892578,0.7326647639274597,True
552,223.25,82.25,215.25,71.25,42.743690490722656,-73.46609497070312,42.742122650146484,-73.46394348144531,0.48450037837028503,False
553,360.25,484.75,276.25,376.25,42.77050018310547,-73.54486846923828,42.754058837890625,-73.52362823486328,0.3090052902698517,False
554,143.25,230.75,131.75,195.75,42.72803497314453,-73.49515533447266,42.72578430175781,-73.4883041381836,0.9296409487724304,True
555,296.25,431.25,237.75,343.75,42.757972717285156,-73.53439331054688,42.746524810791016,-73.51727294921875,0.6009891033172607,True
556,145.75,467.75,115.75,371.25,42.72852325439453,-73.54154205322266,42.722652435302734,-73.52265167236328,0.8626418709754944,True
557,239.25,85.75,231.25,71.75,42.74681854248047,-73.46678161621094,42.74525451660156,-73.46404266357422,0.5459452867507935,False
558,165.25,477.25,127.75,378.25,42.732337951660156,-73.54339599609375,42.724998474121094,-73.5240249633789,0.3003550171852112,False
559,351.25,341.75,291.75,279.75,42.76873779296875,-73.51687622070312,42.75709533691406,-73.50474548339844,0.34800243377685547,True
560,347.75,151.75,315.75,131.75,42.76805114746094,-73.47969818115234,42.76179122924805,-73.47578430175781,0.9107833504676819,False
561,231.25,83.25,223.75,71.25,42.74525451660156,-73.46629333496094,42.7437858581543,-73.46394348144531,0.7997626662254333,True
562,35.25,170.25,36.689361572265625,145.36123657226562,42.7068977355957,-73.48331451416016,42.70718002319336,-73.47844696044922,0.6615398526191711,True
563,259.25,162.25,239.75,139.25,42.750732421875,-73.48175048828125,42.746917724609375,-73.47724914550781,0.6155980229377747,True
564,316.25,202.75,282.75,175.75,42.76188659667969,-73.48967742919922,42.755332946777344,-73.48439025878906,0.6990197896957397,False
565,284.25,355.75,236.25,290.75,42.7556266784668,-73.51962280273438,42.74623107910156,-73.50689697265625,0.7318811416625977,True
566,463.25,427.75,365.75,339.75,42.790653228759766,-73.53370666503906,42.771575927734375,-73.51648712158203,0.4310145378112793,False
567,428.75,44.75,407.3001403808594,38.721923828125,42.783905029296875,-73.45875549316406,42.77970504760742,-73.45757293701172,0.5596359372138977,True
568,51.75,160.75,53.25,136.75,42.71012878417969,-73.48146057128906,42.71042251586914,-73.47676086425781,0.4979415833950043,True
569,506.75,159.25,449.75,141.25,42.79916763305664,-73.48116302490234,42.78801345825195,-73.4776382446289,0.5441104173660278,True
570,424.25,163.75,380.25,144.75,42.783023834228516,-73.48204040527344,42.7744140625,-73.47832489013672,0.7447319626808167,False
571,162.25,402.25,131.25,323.25,42.73175048828125,-73.52871704101562,42.725685119628906,-73.51325988769531,0.30149906873703003,False
572,296.25,289.75,256.25,241.75,42.757972717285156,-73.50670623779297,42.750144958496094,-73.49730682373047,0.3160070776939392,False
573,284.75,35.75,278.75,29.75,42.7557258605957,-73.45699310302734,42.75455093383789,-73.45581817626953,0.5009393095970154,False
574,227.75,83.25,219.75,70.25,42.74456787109375,-73.46629333496094,42.743003845214844,-73.4637451171875,0.3431357443332672,True
575,55.25,159.75,55.75,135.75,42.710811614990234,-73.48126220703125,42.71091079711914,-73.4765625,0.41655781865119934,True
576,263.25,162.25,243.25,139.25,42.75151824951172,-73.48175048828125,42.74760437011719,-73.47724914550781,0.45615702867507935,True
577,87.25,67.75,91.25,54.75,42.71707534790039,-73.4632568359375,42.717857360839844,-73.46070861816406,0.5540831685066223,True
578,367.75,274.75,315.25,231.75,42.77196502685547,-73.50376892089844,42.76169204711914,-73.49535369873047,0.48970887064933777,True
579,264.75,363.25,215.75,295.25,42.75181198120117,-73.52108764648438,42.74222183227539,-73.50778198242188,0.4931880533695221,False
580,23.25,59.75,31.75,43.25,42.704551696777344,-73.4616928100586,42.706214904785156,-73.45845794677734,0.3604751527309418,False
581,454.25,280.25,382.25,233.75,42.78889465332031,-73.50484466552734,42.774803161621094,-73.49574279785156,0.9434152841567993,True
582,380.25,480.25,294.0070495605469,372.85162353515625,42.7744140625,-73.54398345947266,42.75753402709961,-73.52296447753906,0.28463032841682434,True
583,303.75,382.25,248.75,309.25,42.75944137573242,-73.5248031616211,42.748680114746094,-73.5105209350586,0.6176318526268005,True
584,184.25,309.25,158.3096466064453,257.28375244140625,42.73605728149414,-73.5105209350586,42.730979919433594,-73.50035095214844,0.6778578758239746,True
585,179.75,151.25,171.75,131.25,42.73517608642578,-73.47959899902344,42.733612060546875,-73.4756851196289,0.28269442915916443,False
586,486.25,459.75,377.25,360.75,42.7951545715332,-73.53997039794922,42.773826599121094,-73.52059936523438,0.8714204430580139,False
587,80.75,482.75,60.25,380.75,42.71580123901367,-73.54447174072266,42.7117919921875,-73.5245132446289,0.3015083074569702,False
588,3.75,347.75,3.75,287.75,42.70073318481445,-73.51805114746094,42.70073318481445,-73.50630950927734,0.9147328734397888,True
589,177.25,65.25,177.25,52.75,42.73468780517578,-73.4627685546875,42.73468780517578,-73.46031951904297,0.7069862484931946,True
590,382.75,484.25,296.25,374.75,42.77490234375,-73.54476928710938,42.757972717285156,-73.5233383178711,0.2594125270843506,False
591,45.75,72.75,49.75,56.75,42.708953857421875,-73.4642333984375,42.70973587036133,-73.46110534667969,0.740371584892273,False
592,27.25,400.75,19.25,325.75,42.7053337097168,-73.52842712402344,42.70376968383789,-73.51374816894531,0.42623987793922424,False
593,130.25,29.25,135.75,18.25,42.72549057006836,-73.45571899414062,42.726566314697266,-73.45356750488281,0.6850441098213196,True
594,235.75,202.25,212.75,172.75,42.74613571166992,-73.48957824707031,42.741634368896484,-73.48380279541016,0.3703829050064087,True
595,113.25,227.75,103.25,192.75,42.722164154052734,-73.49456787109375,42.72020721435547,-73.48771667480469,0.32006868720054626,False
596,74.75,392.25,63.25,319.75,42.714630126953125,-73.52676391601562,42.712379455566406,-73.5125732421875,0.24726004898548126,False
597,95.75,347.75,81.25,285.25,42.7187385559082,-73.51805114746094,42.71590042114258,-73.50582122802734,0.5486775636672974,False
598,19.75,62.75,27.75,47.25,42.70386505126953,-73.4622802734375,42.7054328918457,-73.45924377441406,0.20007354021072388,True
599,199.75,383.25,165.1213836669922,311.0010986328125,42.73908996582031,-73.5250015258789,42.73231506347656,-73.5108642578125,0.6946554780006409,True
600,234.75,195.25,214.25,167.75,42.745941162109375,-73.48820495605469,42.74192810058594,-73.48282623291016,0.5607926249504089,True
601,465.25,445.25,364.75,349.25,42.791046142578125,-73.5371322631836,42.77137756347656,-73.51834869384766,0.45868322253227234,True
602,43.75,143.75,47.25,123.75,42.708560943603516,-73.4781265258789,42.70924758911133,-73.47421264648438,0.3253341615200043,False
603,11.75,346.25,9.75,285.25,42.702301025390625,-73.51776123046875,42.701908111572266,-73.50582122802734,0.6782921552658081,True
604,449.25,101.25,412.75,90.75,42.78791427612305,-73.46981048583984,42.7807731628418,-73.46775817871094,0.6036444902420044,True
605,355.75,179.75,320.25,154.75,42.76961898803711,-73.48517608642578,42.762672424316406,-73.48028564453125,0.5633084177970886,True
606,434.75,18.75,418.75,16.75,42.78507614135742,-73.45366668701172,42.78194808959961,-73.45327758789062,0.5611693263053894,True
607,319.75,35.25,313.75,28.75,42.7625732421875,-73.45689392089844,42.76139831542969,-73.45561981201172,0.4584827125072479,False
608,318.75,9.75,315.75,6.25,42.76237869262695,-73.451904296875,42.76179122924805,-73.45121765136719,0.8020867705345154,False
609,263.75,64.75,256.3028869628906,55.35309600830078,42.75161361694336,-73.4626693725586,42.75015640258789,-73.46083068847656,0.8235710859298706,True
610,110.25,478.75,85.75,378.25,42.72157669067383,-73.54369354248047,42.71678161621094,-73.5240249633789,0.8370323777198792,True
611,4.25,335.25,3.75,279.25,42.70083236694336,-73.51560974121094,42.70073318481445,-73.50464630126953,0.7210684418678284,True
612,99.25,344.75,83.75,283.25,42.71942138671875,-73.51746368408203,42.71638870239258,-73.50543212890625,0.40897896885871887,False
613,464.25,440.25,363.75,346.75,42.79085159301758,-73.5361557006836,42.771183013916016,-73.51786041259766,0.44602540135383606,True
614,203.75,201.25,185.75,172.75,42.739871978759766,-73.4893798828125,42.736351013183594,-73.48380279541016,0.9234951734542847,True
615,341.75,337.25,287.75,279.75,42.76688003540039,-73.51599884033203,42.756309509277344,-73.50474548339844,0.5746744275093079,False
616,99.25,291.75,87.25,244.75,42.71942138671875,-73.50709533691406,42.71707534790039,-73.49789428710938,0.6746804118156433,True
617,411.25,387.25,331.75,311.75,42.780479431152344,-73.52578735351562,42.764923095703125,-73.5110092163086,0.5634850263595581,True
618,91.75,264.75,83.25,224.75,42.71795654296875,-73.5018081665039,42.71629333496094,-73.49398040771484,0.5645301342010498,True
619,351.75,180.75,317.75,155.25,42.768836975097656,-73.4853744506836,42.76218032836914,-73.48037719726562,0.5093662142753601,False
620,217.75,419.75,178.75,334.75,42.742610931396484,-73.53214263916016,42.734981536865234,-73.51551055908203,0.3491888642311096,False
621,213.25,312.25,181.8746337890625,259.3474426269531,42.74173355102539,-73.5111083984375,42.735591888427734,-73.5007553100586,0.6240008473396301,True
622,29.25,155.75,31.75,131.25,42.705726623535156,-73.48047637939453,42.706214904785156,-73.4756851196289,0.4051820635795593,False
623,202.25,407.25,166.25,325.75,42.73957824707031,-73.52970123291016,42.73253631591797,-73.51374816894531,0.40112000703811646,False
624,256.25,364.75,210.25,298.25,42.750144958496094,-73.52137756347656,42.741146087646484,-73.50836944580078,0.4192027151584625,False
625,323.75,35.25,316.2876281738281,28.141942977905273,42.76335525512695,-73.45689392089844,42.76189422607422,-73.45550537109375,0.33056575059890747,True
626,441.75,124.75,403.2143249511719,113.47942352294922,42.78644943237305,-73.47441101074219,42.778907775878906,-73.47220611572266,0.28011876344680786,False
627,387.75,317.75,323.75,261.75,42.77587890625,-73.5121841430664,42.76335525512695,-73.501220703125,0.4987384080886841,True
628,128.75,81.75,131.25,68.25,42.725196838378906,-73.46599578857422,42.725685119628906,-73.4633560180664,0.7519565224647522,True
629,117.25,141.25,115.75,120.75,42.72294616699219,-73.4776382446289,42.722652435302734,-73.47362518310547,0.584364116191864,True
630,472.75,236.75,406.25,200.75,42.79251480102539,-73.49633026123047,42.77949905395508,-73.48928833007812,0.5793924927711487,True
631,3.75,343.25,3.75,283.25,42.70073318481445,-73.51717376708984,42.70073318481445,-73.50543212890625,0.6333143711090088,True
632,431.25,30.25,411.25,25.75,42.784393310546875,-73.45591735839844,42.780479431152344,-73.45503997802734,0.5572659373283386,True
633,41.25,358.25,35.75,293.75,42.708072662353516,-73.52011108398438,42.70699691772461,-73.50748443603516,0.43674907088279724,False
634,318.25,309.25,269.75,257.25,42.76227951049805,-73.5105209350586,42.75278854370117,-73.5003433227539,0.5794249773025513,True
635,202.75,399.25,166.75,323.25,42.73967742919922,-73.52812957763672,42.73263168334961,-73.51325988769531,0.6690689325332642,True
636,435.75,22.25,418.75,19.25,42.785274505615234,-73.45435333251953,42.78194808959961,-73.45376586914062,0.3402104377746582,True
637,393.25,219.75,344.75,187.75,42.776954650878906,-73.49300384521484,42.76746368408203,-73.48674011230469,0.9945228695869446,True
638,52.75,39.75,60.75,27.75,42.710323333740234,-73.45777893066406,42.71188735961914,-73.45542907714844,0.5602551698684692,False
639,426.25,174.25,379.25,151.75,42.78341293334961,-73.48410034179688,42.77421569824219,-73.47969818115234,0.9859944581985474,True
640,60.75,352.25,52.25,292.25,42.71188735961914,-73.51893615722656,42.71022415161133,-73.50719451904297,0.26918768882751465,False
641,447.25,53.25,424.75,48.75,42.78752517700195,-73.46041870117188,42.783119201660156,-73.45954132080078,0.23023146390914917,False
642,268.75,55.25,263.25,47.75,42.752593994140625,-73.46080780029297,42.75151824951172,-73.45934295654297,0.9844037890434265,False
643,361.75,328.25,302.75,271.25,42.77079391479492,-73.51423645019531,42.759246826171875,-73.50308227539062,0.8856669068336487,True
644,26.25,43.75,34.15593719482422,29.732372283935547,42.70513916015625,-73.45855712890625,42.70668411254883,-73.45581817626953,0.29493939876556396,True
645,365.75,37.25,353.25,29.25,42.771575927734375,-73.45729064941406,42.76913070678711,-73.45571899414062,0.5566472411155701,False
646,41.25,364.25,35.75,300.75,42.708072662353516,-73.52128601074219,42.70699691772461,-73.50885772705078,0.6694460511207581,False
647,254.75,156.75,236.2452850341797,135.9279327392578,42.749855041503906,-73.48067474365234,42.74623107910156,-73.47660064697266,0.6973046660423279,True
648,337.75,240.75,293.75,204.25,42.76609420776367,-73.49711608886719,42.757484436035156,-73.4899673461914,0.8264623880386353,True
649,379.75,330.75,315.75,273.25,42.774314880371094,-73.51472473144531,42.76179122924805,-73.50347137451172,0.9786133766174316,True
650,277.25,143.25,257.25,123.25,42.75425720214844,-73.47803497314453,42.750343322753906,-73.47412109375,0.7185200452804565,True
651,481.75,39.75,454.75,35.75,42.794273376464844,-73.45777893066406,42.78899002075195,-73.45699310302734,0.5366240739822388,True
652,165.25,405.25,134.75,327.75,42.732337951660156,-73.52930450439453,42.72637176513672,-73.5141372680664,0.8397116661071777,True
653,149.25,233.25,134.69464111328125,198.51644897460938,42.72920608520508,-73.49564361572266,42.72636032104492,-73.48884582519531,0.765254020690918,True
654,204.25,16.75,208.25,8.75,42.73997116088867,-73.45327758789062,42.740753173828125,-73.45170593261719,0.9170424342155457,True
655,145.75,183.75,136.25,157.25,42.72852325439453,-73.48595428466797,42.72666549682617,-73.48077392578125,0.9117476344108582,True
656,122.75,463.25,95.75,367.25,42.724021911621094,-73.54065704345703,42.7187385559082,-73.5218734741211,0.7291621565818787,True
657,112.75,470.75,88.75,371.25,42.72206497192383,-73.54212951660156,42.717369079589844,-73.52265167236328,0.2364857941865921,False
658,63.25,218.25,61.75,185.75,42.712379455566406,-73.49270629882812,42.71208572387695,-73.4863510131836,0.4370466470718384,True
659,267.25,264.75,231.75,222.25,42.75230026245117,-73.5018081665039,42.74535369873047,-73.49349212646484,0.7768507599830627,False
660,423.75,259.25,363.75,219.25,42.78292465209961,-73.500732421875,42.771183013916016,-73.49290466308594,0.6499332785606384,False
661,252.25,73.25,243.75,63.25,42.74936294555664,-73.4643325805664,42.74769973754883,-73.46237182617188,0.5411856174468994,True
662,343.75,109.25,319.75,95.25,42.767269134521484,-73.47137451171875,42.7625732421875,-73.46863555908203,0.5414645075798035,True
663,221.25,259.25,195.25,218.25,42.7432975769043,-73.500732421875,42.73820877075195,-73.49270629882812,0.9930168390274048,True
664,11.25,368.75,10.75,305.75,42.70220184326172,-73.52216339111328,42.70210266113281,-73.50983428955078,0.7817798852920532,False
665,146.25,233.75,131.75,198.25,42.72862243652344,-73.49574279785156,42.72578430175781,-73.4887924194336,0.49274420738220215,True
666,186.75,201.25,171.75,170.25,42.73654556274414,-73.4893798828125,42.733612060546875,-73.48331451416016,0.43026232719421387,False
